run_id,condition,seed,dataset_variant,checkpoint_path,checkpoint_sha256,epochs,best_epoch,val_precision,val_recall,val_map50,val_map5095,best_val_map5095,internal_map50,internal_map5095,training_time_seconds_approx,training_parameters,status
A_clean_original_seed0_45e,A,0,clean_original,D:\fire-factorial\code\training\leakage_safe_yolov5\runs\factorial_yolov5\A_clean_original_seed0_45e\weights\best.pt,3C6C2C603A3484D809EB238427F3839BBB76498EB801005D8DD7121E8BD6B0AC,45,41,0.86669,0.65943,0.74762,0.42956,0.43011,NA,NA,1247.3,epochs=45; imgsz=640; batch=8; optimizer=SGD; device=0; workers=4,completed
A_clean_original_seed1_45e,A,1,clean_original,D:\fire-factorial\code\training\leakage_safe_yolov5\runs\factorial_yolov5\A_clean_original_seed1_45e\weights\best.pt,8BD8D9DAB478F6A16DE8401AF9CEE58FF47E06B61127878A971A4A9763C323E8,45,45,0.77725,0.70707,0.72598,0.42196,0.42196,NA,NA,1242.8,epochs=45; imgsz=640; batch=8; optimizer=SGD; device=0; workers=4,completed
A_clean_original_seed2_45e,A,2,clean_original,D:\fire-factorial\code\training\leakage_safe_yolov5\runs\factorial_yolov5\A_clean_original_seed2_45e\weights\best.pt,EB3D3726DBA5C5336D795ADED3271F49EF18E38786A762B71763121D2A5C14F3,45,41,0.76873,0.68335,0.69736,0.41081,0.42099,NA,NA,3661.9,epochs=45; imgsz=640; batch=8; optimizer=SGD; device=0; workers=0,completed
B_clean_audited_seed0_45e,B,0,clean_audited,D:\fire-factorial\code\training\leakage_safe_yolov5\runs\factorial_yolov5\B_clean_audited_seed0_45e\weights\best.pt,41D9E26F35DC3F1A17205EC8FBBE46DE9F03AEE158A991A89505BDE25073909A,45,38,0.7904,0.72704,0.74776,0.43712,0.45347,NA,NA,1221.7,epochs=45; imgsz=640; batch=8; optimizer=SGD; device=0; workers=4,completed
B_clean_audited_seed1_45e,B,1,clean_audited,D:\fire-factorial\code\training\leakage_safe_yolov5\runs\factorial_yolov5\B_clean_audited_seed1_45e\weights\best.pt,5901A3C5CEBC4EAAB06CAFA10D189CDA8C544698CF83B982F242B6D598BC2941,45,45,0.82249,0.69845,0.73951,0.43965,0.43965,NA,NA,1263.9,epochs=45; imgsz=640; batch=8; optimizer=SGD; device=0; workers=4,completed
B_clean_audited_seed2_45e,B,2,clean_audited,D:\fire-factorial\code\training\leakage_safe_yolov5\runs\factorial_yolov5\B_clean_audited_seed2_45e\weights\best.pt,26D5354CA3FEFDAC3B529029981FC7832C0831C0D0D6C822F1264C9217AC9970,45,41,0.84414,0.72116,0.76775,0.45702,0.46044,NA,NA,3609.4,epochs=45; imgsz=640; batch=8; optimizer=SGD; device=0; workers=0,completed
C_leaked_original_seed0_45e,C,0,controlled_leakage_original,D:\fire-factorial\code\training\leakage_safe_yolov5\runs\factorial_yolov5\C_leaked_original_seed0_45e\weights\best.pt,18C0DE0DFD50D59EC4E7EC8923D35838BF4C9607D010ED99D435CA6B3868BCEA,45,44,0.81616,0.69509,0.74795,0.41785,0.43306,NA,NA,1191.9,epochs=45; imgsz=640; batch=8; optimizer=SGD; device=0; workers=4,completed
C_leaked_original_seed1_45e,C,1,controlled_leakage_original,D:\fire-factorial\code\training\leakage_safe_yolov5\runs\factorial_yolov5\C_leaked_original_seed1_45e\weights\best.pt,0AEE016CA45A20C57651D5A5542D93E64A43A3B7D31830F92BF13C4CE8DEF474,45,45,0.77451,0.73589,0.74125,0.44369,0.44369,NA,NA,1153.5,epochs=45; imgsz=640; batch=8; optimizer=SGD; device=0; workers=4,completed
C_leaked_original_seed2_45e,C,2,controlled_leakage_original,D:\fire-factorial\code\training\leakage_safe_yolov5\runs\factorial_yolov5\C_leaked_original_seed2_45e\weights\best.pt,0FDDC1C043C43DEB8D675681960BF8ABD31C14AC00AFEE3288ABD62CEF82B218,45,42,0.82265,0.69027,0.72759,0.43139,0.44439,NA,NA,3574.3,epochs=45; imgsz=640; batch=8; optimizer=SGD; device=0; workers=0,completed
D_leaked_audited_seed0_45e,D,0,controlled_leakage_audited,D:\fire-factorial\code\training\leakage_safe_yolov5\runs\factorial_yolov5\D_leaked_audited_seed0_45e\weights\best.pt,8A9A2E3CEF5B213400DB5457F27CF1582E90A46A9E05E1FD9AFC471D42247023,45,45,0.82714,0.73335,0.7807,0.45849,0.45849,NA,NA,1230.4,epochs=45; imgsz=640; batch=8; optimizer=SGD; device=0; workers=4,completed
D_leaked_audited_seed1_45e,D,1,controlled_leakage_audited,D:\fire-factorial\code\training\leakage_safe_yolov5\runs\factorial_yolov5\D_leaked_audited_seed1_45e\weights\best.pt,E4E18414A9AD59BE868DC5D7B28494FBA999985CD486AEDFFED845D7248D42C6,45,37,0.85372,0.69146,0.74475,0.43883,0.44404,NA,NA,1269.6,epochs=45; imgsz=640; batch=8; optimizer=SGD; device=0; workers=4,completed
D_leaked_audited_seed2_45e,D,2,controlled_leakage_audited,D:\fire-factorial\code\training\leakage_safe_yolov5\runs\factorial_yolov5\D_leaked_audited_seed2_45e\weights\best.pt,2E6958EBF78D7751EF9F7A1C9A16FA23383FB8D5E6F6A900FC302CD48682BA25,45,40,0.79362,0.70283,0.75059,0.45601,0.46599,NA,NA,3582.8,epochs=45; imgsz=640; batch=8; optimizer=SGD; device=0; workers=0,completed
