run_id,condition,seed,checkpoint_path,sha256,size_bytes,tracked_in_github,notes
A_clean_original_seed0_45e,A,0,D:\fire-factorial\code\training\leakage_safe_yolov5\runs\factorial_yolov5\A_clean_original_seed0_45e\weights\best.pt,3C6C2C603A3484D809EB238427F3839BBB76498EB801005D8DD7121E8BD6B0AC,14400495,no,Weight file retained locally; manifest only is public.
A_clean_original_seed1_45e,A,1,D:\fire-factorial\code\training\leakage_safe_yolov5\runs\factorial_yolov5\A_clean_original_seed1_45e\weights\best.pt,8BD8D9DAB478F6A16DE8401AF9CEE58FF47E06B61127878A971A4A9763C323E8,14400495,no,Weight file retained locally; manifest only is public.
A_clean_original_seed2_45e,A,2,D:\fire-factorial\code\training\leakage_safe_yolov5\runs\factorial_yolov5\A_clean_original_seed2_45e\weights\best.pt,EB3D3726DBA5C5336D795ADED3271F49EF18E38786A762B71763121D2A5C14F3,14400495,no,Weight file retained locally; manifest only is public.
B_clean_audited_seed0_45e,B,0,D:\fire-factorial\code\training\leakage_safe_yolov5\runs\factorial_yolov5\B_clean_audited_seed0_45e\weights\best.pt,41D9E26F35DC3F1A17205EC8FBBE46DE9F03AEE158A991A89505BDE25073909A,14400495,no,Weight file retained locally; manifest only is public.
B_clean_audited_seed1_45e,B,1,D:\fire-factorial\code\training\leakage_safe_yolov5\runs\factorial_yolov5\B_clean_audited_seed1_45e\weights\best.pt,5901A3C5CEBC4EAAB06CAFA10D189CDA8C544698CF83B982F242B6D598BC2941,14400495,no,Weight file retained locally; manifest only is public.
B_clean_audited_seed2_45e,B,2,D:\fire-factorial\code\training\leakage_safe_yolov5\runs\factorial_yolov5\B_clean_audited_seed2_45e\weights\best.pt,26D5354CA3FEFDAC3B529029981FC7832C0831C0D0D6C822F1264C9217AC9970,14400495,no,Weight file retained locally; manifest only is public.
C_leaked_original_seed0_45e,C,0,D:\fire-factorial\code\training\leakage_safe_yolov5\runs\factorial_yolov5\C_leaked_original_seed0_45e\weights\best.pt,18C0DE0DFD50D59EC4E7EC8923D35838BF4C9607D010ED99D435CA6B3868BCEA,14400495,no,Weight file retained locally; manifest only is public.
C_leaked_original_seed1_45e,C,1,D:\fire-factorial\code\training\leakage_safe_yolov5\runs\factorial_yolov5\C_leaked_original_seed1_45e\weights\best.pt,0AEE016CA45A20C57651D5A5542D93E64A43A3B7D31830F92BF13C4CE8DEF474,14400495,no,Weight file retained locally; manifest only is public.
C_leaked_original_seed2_45e,C,2,D:\fire-factorial\code\training\leakage_safe_yolov5\runs\factorial_yolov5\C_leaked_original_seed2_45e\weights\best.pt,0FDDC1C043C43DEB8D675681960BF8ABD31C14AC00AFEE3288ABD62CEF82B218,14400495,no,Weight file retained locally; manifest only is public.
D_leaked_audited_seed0_45e,D,0,D:\fire-factorial\code\training\leakage_safe_yolov5\runs\factorial_yolov5\D_leaked_audited_seed0_45e\weights\best.pt,8A9A2E3CEF5B213400DB5457F27CF1582E90A46A9E05E1FD9AFC471D42247023,14400495,no,Weight file retained locally; manifest only is public.
D_leaked_audited_seed1_45e,D,1,D:\fire-factorial\code\training\leakage_safe_yolov5\runs\factorial_yolov5\D_leaked_audited_seed1_45e\weights\best.pt,E4E18414A9AD59BE868DC5D7B28494FBA999985CD486AEDFFED845D7248D42C6,14400495,no,Weight file retained locally; manifest only is public.
D_leaked_audited_seed2_45e,D,2,D:\fire-factorial\code\training\leakage_safe_yolov5\runs\factorial_yolov5\D_leaked_audited_seed2_45e\weights\best.pt,2E6958EBF78D7751EF9F7A1C9A16FA23383FB8D5E6F6A900FC302CD48682BA25,14400495,no,Weight file retained locally; manifest only is public.
