record_id,source_key,split,image,annotation_index,current_class,x_center,y_center,width,height,geometry,box_area_fraction,image_width,image_height,other_classes,reviewer_1,decision_1,reviewer_2,decision_2,adjudicator,final_decision,notes
13715c5dfe556d63,c54f18b2b468c81c,train,13_jpg.rf.306518dec7013cd465a677415eca7a7e.jpg,1,1,0.76953125,0.5734375,0.4328125,0.1703125,box,0.07371337890625,640,640,,,,,,,,
a944f3242da51425,ee52fae1a3eee197,train,7_jpg.rf.20adc8785fb8645bbbedecbd2a67eeb5.jpg,1,1,0.49609375,0.30390625,0.2328125,0.521875,box,0.12149902343749999,640,640,,,,,,,,
5d99642c18a9d7c2,cd3b9161f5e42c01,train,IMG_4459_jpg.rf.4892d1248372c0e84ba4a77cbc1e1f0d.jpg,2,1,0.8876953125,0.443115234375,0.08072916666666667,0.03955078125,box,0.003192901611328125,1536,2048,0,,,,,,,
d791e25fa0865cdb,84fe3bc0334abd14,train,IMG_4461_jpg.rf.c84894df9108eb57e51d2311809e3a47.jpg,2,1,0.6705182072829131,0.7536764705882353,0.07119514472455653,0.047268907563025264,box,0.003365316714921268,1536,2048,0,,,,,,,
7e25ef0a533f6a53,69eea69ae69aeacd,train,IMG_4472_jpg.rf.2ce50c890f8525a20f9e93c54ba16dd3.jpg,3,1,0.5872395833333334,0.616455078125,0.12630208333333334,0.0361328125,box,0.004563649495442709,1536,2048,0,,,,,,,
4ae877987552ee30,1cb6fa6072088054,train,IMG_4496_jpg.rf.2ee17157725181dfc5f5ebf1aeacf185.jpg,1,1,0.4055989583333333,0.53271484375,0.061848958333333336,0.08837890625,box,0.005466143290201823,1536,2048,0,,,,,,,
70c198c8f8188a51,10278d3eda56d2e5,train,IMG_5714_JPG.rf.17c194196499611c04aea9cd371277af.jpg,1,1,0.53671875,0.52109375,0.14453125,0.1296875,box,0.018743896484375,640,640,,,,,,,,
840136ec66899b1f,90922df797166348,train,IMG_5821_jpg.rf.c076d8b38c06434dbcae0cb992939d08.jpg,1,1,0.5234375,0.490625,0.3265625,0.228125,box,0.0744970703125,640,640,,,,,,,,
4af381f970363db0,fa952b6965b02f77,train,WIN_20220329_21_28_37_Pro_jpg.rf.1982a38888f342b5a94b254ef0a700eb.jpg,1,1,0.415625,0.5421875,0.21640625,0.103125,box,0.02231689453125,640,640,,,,,,,,
e2fd5bc1efe28d72,e1b6b98383068c7f,train,WIN_20220329_21_29_42_Pro_jpg.rf.844362b326187817c9bbbefa2b9a22d8.jpg,1,1,0.69609375,0.75625,0.28125,0.17578125,box,0.0494384765625,640,640,,,,,,,,
2b113ec78ef33d83,43b383c5b6b4cbb2,train,WIN_20220329_21_29_51_Pro_jpg.rf.2d2812f2230fd0d6626bb8d58cd82a99.jpg,1,1,0.22265625,0.3015625,0.18515625,0.0984375,box,0.018226318359375,640,640,,,,,,,,
bb9a9986762411ef,9dc02a203d3c730d,train,WIN_20220329_21_30_01_Pro_jpg.rf.059fd45dae5dc7e7c68761de4a736d9e.jpg,1,1,0.3765625,0.50390625,0.228125,0.1703125,box,0.038852539062500004,640,640,,,,,,,,
eaaa872709e1358f,299b4b32e963d198,train,WIN_20220329_21_30_49_Pro_jpg.rf.b6f129ff616e30171b0139f563f7dc14.jpg,1,1,0.53125,0.66328125,0.0671875,0.1875,box,0.012597656249999999,640,640,,,,,,,,
4dd422c3798b5560,57d798f376f2efcf,train,WIN_20220329_21_30_54_Pro_jpg.rf.5f1ea5ee40bd74ed4311aff3ae5614c8.jpg,1,1,0.634375,0.41953125,0.21640625,0.13671875,box,0.0295867919921875,640,640,,,,,,,,
684a49ffa2247458,01dead9d914c62e0,train,WIN_20220507_20_59_04_Pro_jpg.rf.62823f80287c603e3ff2ceca533616a7.jpg,1,1,0.49296875,0.4734375,0.053125,0.16796875,box,0.00892333984375,640,640,,,,,,,,
d8e0474615d4bfe8,879128fb237aa136,train,WIN_20220507_21_27_15_Pro_jpg.rf.c9ff8fdc00766aac2892427cb3628a2a.jpg,1,1,0.60625,0.45546875,0.0734375,0.2234375,box,0.016408691406250002,640,640,,,,,,,,
26a14b67956f2c9f,ace333192a4f392b,train,WIN_20220507_21_27_18_Pro_jpg.rf.bd1f01a0662ef71797ad5ce7ec0b5700.jpg,1,1,0.39453125,0.615625,0.240625,0.1828125,box,0.0439892578125,640,640,,,,,,,,
eaf90040a8fa91ae,3923701fb220855a,train,WIN_20220507_21_27_20_Pro_jpg.rf.9f08415e30e1748d13311c84223231e2.jpg,1,1,0.553125,0.26953125,0.0765625,0.2546875,box,0.01949951171875,640,640,,,,,,,,
3d4cd26725cb5900,89cbb5f66a2fd278,train,WIN_20220507_21_27_22_Pro-2-_jpg.rf.214a1602685365d2d91d486a75135a8a.jpg,1,1,0.45703125,0.40234375,0.2359375,0.11796875,box,0.027833251953125,640,640,,,,,,,,
898ed142d16d46de,54fa6a33a22fbc52,train,WIN_20220507_21_27_51_Pro_jpg.rf.290631be008014b1ae2bfcee9515757c.jpg,1,1,0.5609375,0.26015625,0.05390625,0.2078125,box,0.011202392578125001,640,640,,,,,,,,
ffd43fc46cab0e58,9e4d572d24a3a3bf,train,WIN_20220507_21_28_59_Pro_jpg.rf.362fc6b08aef92950f956789e7743048.jpg,1,1,0.478125,0.30625,0.0515625,0.21875,box,0.011279296874999999,640,640,,,,,,,,
f9019686d6fbf010,5cc1e114d5c1f559,train,WIN_20220507_21_29_00_Pro_jpg.rf.3478bf27ccbe881766706fab959b2d28.jpg,1,1,0.78359375,0.30546875,0.071875,0.27890625,box,0.02004638671875,640,640,,,,,,,,
96eea15cd2f10c1d,7a01340f94b6cadd,train,WIN_20220507_21_29_01_Pro_jpg.rf.4c16ae69835bdfb9b3319a8844dbe0a6.jpg,1,1,0.61171875,0.64921875,0.15625,0.29296875,box,0.0457763671875,640,640,,,,,,,,
da89182b51e06d0d,11dcdf7ff147fc5b,train,WIN_20220507_21_29_04_Pro_jpg.rf.10b994fe1cef18b491c821370bce875a.jpg,1,1,0.4625,0.478125,0.146875,0.25,box,0.03671875,640,640,,,,,,,,
4d0a75c3063ff5cd,0560023b04ce63da,train,WIN_20220507_21_29_20_Pro_jpg.rf.2d655bb9617b0de116ea36f80f11e2b5.jpg,1,1,0.83671875,0.51328125,0.1875,0.05078125,box,0.009521484375,640,640,,,,,,,,
574183840bc1840a,594965c87864efb1,train,WIN_20220507_21_29_22_Pro_jpg.rf.4b406e06e72094e7b01edd2633b4a540.jpg,1,1,0.5109375,0.521875,0.06953125,0.2359375,box,0.016405029296875002,640,640,,,,,,,,
b09663d45adc99de,3c88ac6f68ee778e,train,WIN_20220507_23_10_31_Pro_jpg.rf.322dbd9220b9b25f5c95aa088c742cb4.jpg,1,1,0.609375,0.55390625,0.12265625,0.09375,box,0.011499023437499999,640,640,,,,,,,,
fdda8a12fd758b40,22056c9af637c94b,train,WIN_20220507_23_10_43_Pro_jpg.rf.56d2d2d89f68eb76cd638667941fa0dc.jpg,1,1,0.71953125,0.48984375,0.0640625,0.15234375,box,0.009759521484374999,640,640,,,,,,,,
52e6539fb1261b20,d5aa696e9e417288,train,WIN_20220507_23_10_45_Pro_jpg.rf.517ffa112afbb470974c0ca65fa8245a.jpg,1,1,0.6921875,0.5578125,0.134375,0.22109375,box,0.02970947265625,640,640,,,,,,,,
83643ac659d6422e,55363c64253cc254,train,download_jpeg_jpg.rf.190061cda60816902f86713e70ae9abb.jpg,1,1,0.3984375,0.3375,0.14296875,0.4109375,box,0.058751220703125,640,640,,,,,,,,
e9febe34f11ceb4a,21cc2ba9ae1823b5,train,imadadages_jpg.rf.96f2fe965bf9e0bd1e85e210b87fee33.jpg,1,1,0.72109375,0.5203125,0.3171875,0.18984375,box,0.060216064453125,640,640,,,,,,,,
257a67484e947d5f,e8c6a5b053b6a769,train,images-14-_jpeg_jpg.rf.20177f9d16d417ba75cf22fc63d35819.jpg,1,1,0.575,0.33203125,0.1453125,0.49140625,box,0.071407470703125,640,640,,,,,,,,
31cc036557ea66f2,e979ec6342383f4f,train,images-16-_jpg.rf.4b88cfe7b624b5b869fce03e78e6d345.jpg,1,1,0.2015625,0.30546875,0.3078125,0.1828125,box,0.056271972656249995,640,640,,,,,,,,
846383423bb98944,78ca989933c58f6e,train,images-18-_jpeg_jpg.rf.38fb2e2a0e02048754445e52488fc114.jpg,1,1,0.48046875,0.359375,0.1671875,0.37734375,box,0.063087158203125,640,640,,,,,,,,
20bea22979c9dd59,e3160798b347cd9c,train,images-2022-05-07T213519-098-9-_jpg.rf.5dd277f8e485ead65e3097e96b27d5b4.jpg,1,1,0.3578125,0.57578125,0.21171875,0.1421875,box,0.030103759765625,640,640,,,,,,,,
a93ca5f0144532ea,daa36dd5ddf0c608,train,images-3-_jpg.rf.77355c753c98a9d9741715b8f16671b3.jpg,1,1,0.34921875,0.303125,0.0828125,0.2984375,box,0.02471435546875,640,640,,,,,,,,
33804091f57591de,d8900d1fe540ed9a,train,images-41-_jpg.rf.ad9a4959ab0f036ba497b052e5c61723.jpg,1,1,0.25859375,0.63125,0.5171875,0.1609375,box,0.08323486328125002,640,640,,,,,,,,
06db899a2d95d917,b580aace9f19bb35,train,images-43-_jpg.rf.079305667cb47a48ab4979f8820d0f2b.jpg,1,1,0.2828125,0.69609375,0.4828125,0.44921875,box,0.216888427734375,640,640,,,,,,,,
3e677b01d096c3e7,9a09dee8cbf27d2b,train,images-5-_jpeg_jpg.rf.b4b67e99c7fe36aa0d894508892fda42.jpg,1,1,0.5140625,0.15234375,0.09140625,0.2515625,box,0.022994384765625,640,640,,,,,,,,
be879e0bf102314c,d96583c7e7d04497,train,images-55-_jpg.rf.499b1a3d79a83235d2e07c551dfd27c0.jpg,1,1,0.571875,0.20078125,0.0578125,0.21875,box,0.012646484375000001,640,640,,,,,,,,
0a3572211f9df32a,1135f367af51b074,train,images-71-_jpg.rf.58e458bd89beb7fce2c6a29f4b14fdd9.jpg,1,1,0.546875,0.459375,0.353125,0.678125,box,0.239462890625,640,640,,,,,,,,
cea807b29f86628d,9771d9282ed81734,train,images-74-_jpg.rf.4fe761de0366e46f516dcbbd3c8230b3.jpg,1,1,0.4125,0.5984375,0.521875,0.53828125,box,0.28091552734375,640,640,,,,,,,,
ab60240860f107d5,4b5ee843ccd97fc0,train,images-84-_jpg.rf.4e91f28384fcf208191a5957345eca87.jpg,1,1,0.49765625,0.3328125,0.125,0.36328125,box,0.04541015625,640,640,,,,,,,,
1e0ac0e8b4cdd0d8,4af301ba0f646886,train,images-95-_jpg.rf.3f20d55ae2cf3129f7934e4d562cf08e.jpg,1,1,0.503125,0.28203125,0.13125,0.3375,box,0.044296875000000006,640,640,,,,,,,,
4a7a4e89871cda17,7b516f8017cc255e,train,images-99-_jpg.rf.f075319b33c7e4f086b573de23ad1a26.jpg,1,1,0.46171875,0.33671875,0.3265625,0.41328125,box,0.134962158203125,640,640,,,,,,,,
25508375504fe46e,becdb83b4ffd3ee6,train,inddir_jpg.rf.7940f204bc7a6a09121d5549b726dd1c.jpg,1,1,0.44140625,0.61796875,0.4828125,0.259375,box,0.1252294921875,640,640,,,,,,,,
d979f74213a2ab31,5504e0356ea4b05e,train,indir-13-_jpg.rf.0a05c7491f39a75a1f8d8fcdd9dad1e7.jpg,1,1,0.834375,0.571875,0.3171875,0.0625,box,0.01982421875,640,640,,,,,,,,
82bb50af4fe4f0b9,3ec90be769757898,train,indir-18-_jpg.rf.1656806196ef5425e92db8f024c8305b.jpg,1,1,0.671875,0.5453125,0.3296875,0.125,box,0.0412109375,640,640,,,,,,,,
9596ea55044f46cc,fb9026922671d157,train,lighter-6526078__340_jpg.rf.7d2e6125df80da15c9d9c3f8864e8aaa.jpg,1,1,0.321875,0.53359375,0.64375,0.3171875,box,0.20418945312500003,640,640,,,,,,,,
86bb832f0fea9e23,69f8f191974cf08a,train,match-218451__340_jpg.rf.de4ec217de401a95f7dbc3e50f9b8dc6.jpg,1,1,0.51875,0.41015625,0.2484375,0.43515625,box,0.10810913085937501,640,640,,,,,,,,
ece3be8d81bb2f02,27e40f5e70c4275a,train,pexels-photo-3842462_jpeg_jpg.rf.44bf33dd2f5668fdc8690dbcdf5ae5a8.jpg,1,1,0.13046875,0.66171875,0.09765625,0.11171875,box,0.0109100341796875,640,640,,,,,,,,
372578b7b7375def,6e3dbbafc7573ef8,train,pexels-photo-5657966_jpeg_jpg.rf.3587b2c024b172b5c163785f3368726f.jpg,1,1,0.28984375,0.35234375,0.24765625,0.31953125,box,0.0791339111328125,640,640,,,,,,,,
b8ba8116570685cf,5278c79684eac7b2,train,small-110-_jpg.rf.655a71b0a37ea83658c450cb77b7ea72.jpg,1,1,0.5875,0.33203125,0.38671875,0.14921875,box,0.0577056884765625,640,640,,,,,,,,
f034c71f6472ab72,e5fe69084ea0734e,train,small-111-_jpg.rf.77f5040df10fee651ac6c11c833f93a3.jpg,1,1,0.84609375,0.5734375,0.0765625,0.31015625,box,0.023746337890625004,640,640,,,,,,,,
f5c7cc1f8abe59f6,a28987312480f272,train,small-137-_jpg.rf.70631652b7b40765277fc12a4d5c5366.jpg,1,1,0.7609375,0.30390625,0.1421875,0.24296875,box,0.034547119140625,640,640,,,,,,,,
f443d8de246dd5ed,9130bba398bd7140,train,small-26-_jpg.rf.00f395d7ab3b22e4b5eeac0705c3df45.jpg,1,1,0.375,0.38671875,0.16796875,0.26953125,box,0.0452728271484375,640,640,,,,,,,,
8edc2ff1b34e3bb4,d35f43fcac712023,train,smoking_0015_jpg.rf.7fbe88c899b25cff4487e09779dedc6e.jpg,1,1,0.5060096153846154,0.5769230769230769,0.11298076923076923,0.09375,box,0.010591947115384616,416,416,,,,,,,,
c1c466528949ea00,6c8ec54a6ec6dd90,train,smoking_0056_jpg.rf.0b415cce39184a1b98dc4dc84604b65a.jpg,1,1,0.5877403846153846,0.5264423076923077,0.2283653846153846,0.1971153846153846,box,0.04501433062130177,416,416,,,,,,,,
e33bbe6873d2ffbc,5dcadcf9c531b462,train,smoking_0065_jpg.rf.18bc1ac2a27bc04cb868aeac5ba46996.jpg,1,1,0.5204326923076923,0.4182692307692308,0.06370192307692307,0.06610576923076923,box,0.00421106462647929,416,416,,,,,,,,
6aea0c5306bb4275,304f76a44609fb6e,train,smoking_0160_jpg.rf.4bfee67e37ba770212390eee70d7ce22.jpg,1,1,0.6862980769230769,0.34975961538461536,0.11177884615384616,0.0985576923076923,box,0.011016665125739645,416,416,,,,,,,,
c584f11ce0eed8b7,3907a01d284a3d94,train,smoking_0176_jpg.rf.a878f0e9769f873446f3333e3d919da3.jpg,1,1,0.6742788461538461,0.3401442307692308,0.09375,0.20072115384615385,box,0.018817608173076924,416,416,,,,,,,,
e4c2f9d807e31dc9,bc05c3734cc32d54,train,smoking_0229_jpg.rf.71748ad2cde5e080b81e8e24ae78c08e.jpg,1,1,0.53125,0.5516826923076923,0.3401442307692308,0.15625,box,0.05314753605769231,416,416,,,,,,,,
2e0559b160c43fdf,b4aa09f4e4f98eb6,train,smoking_0383_jpg.rf.52a0b8c8006f2d32e922252e5142f066.jpg,1,1,0.4891826923076923,0.5396634615384616,0.35697115384615385,0.21394230769230768,box,0.07637123243343195,416,416,,,,,,,,
3815e8808aed35ba,4e60c5a72864a161,train,smoking_0399_jpg.rf.74400a9f195e8f866f54d4fd9bd05ddf.jpg,1,1,0.5492788461538461,0.49759615384615385,0.29086538461538464,0.06009615384615385,box,0.017479890902366867,416,416,,,,,,,,
eb9276ce2cc43339,cbcda7a521ebee72,train,smoking_0423_jpg.rf.e2cd0b92e05d10db4dc15a500646ed7f.jpg,1,1,0.4807692307692308,0.515625,0.09254807692307693,0.04567307692307692,box,0.004226955436390532,416,416,,,,,,,,
b0de17634fa8660f,63d86e7ad1ca2551,train,smoking_0443_jpg.rf.3f35da111452989dceb70e0a5dea6c4e.jpg,1,1,0.47475961538461536,0.5096153846153846,0.08653846153846154,0.09375,box,0.008112980769230768,416,416,,,,,,,,
f6380cccd5713058,1cd6df6e4141af93,train,smoking_0457_jpg.rf.74d356556d523a482dae89270b7e84da.jpg,1,1,0.30408653846153844,0.5889423076923077,0.16346153846153846,0.10697115384615384,box,0.017485669378698224,416,416,,,,,,,,
8c08cf0549b7abe5,26716d10a27af55a,train,smoking_0654_jpg.rf.85e7900c9506c4d8680baf9a2f88a796.jpg,1,1,0.45072115384615385,0.515625,0.09134615384615384,0.0625,box,0.005709134615384615,416,416,,,,,,,,
26b0cb17460a5df5,c36d882a0060d739,train,smoking_0698_jpg.rf.6c2a5efa76a86a21ef428b58556007fe.jpg,1,1,0.5564903846153846,0.46153846153846156,0.08413461538461539,0.06971153846153846,box,0.005865153476331361,416,416,,,,,,,,
fce7cdf5eeaff997,b3faacb2e77b3569,train,smoking_0712_jpg.rf.ee0b758dae4fcd68fa759d54b4e8f693.jpg,1,1,0.3894230769230769,0.6057692307692307,0.1875,0.1778846153846154,box,0.033353365384615384,416,416,,,,,,,,
2a5a2f1c2b43e4ad,e6d27b34aefcb139,train,smoking_0722_jpg.rf.71f08bcc261608e54fb2ede053dac536.jpg,1,1,0.49278846153846156,0.8245192307692307,0.1971153846153846,0.15745192307692307,box,0.031036196375739643,416,416,,,,,,,,
c894c3287dc981b5,f08be8f5081bc088,train,smoking_0732_jpg.rf.d157a504efe00f368ca78607f89daff1.jpg,1,1,0.421875,0.6850961538461539,0.140625,0.16826923076923078,box,0.02366286057692308,416,416,,,,,,,,
233bb308e8a373d8,643804aa947027ae,train,smoking_0796_jpg.rf.5473410d407854e9f865f37491794053.jpg,1,1,0.3401442307692308,0.7632211538461539,0.14783653846153846,0.15144230769230768,box,0.02238870654585799,416,416,,,,,,,,
7eb4333b9680cb6a,ea5984dad8b655b1,train,smoking_0855_jpg.rf.a49a47645739c529714d40bb74c3c64d.jpg,1,1,0.42788461538461536,0.5552884615384616,0.1814903846153846,0.2776442307692308,box,0.050389758228550297,416,416,,,,,,,,
acf904859272d22a,ebbb7704e7a2e70e,train,smoking_0884_jpg.rf.3e5261f23b9aa7e26f1a894ad0e0f37b.jpg,1,1,0.44471153846153844,0.23317307692307693,0.06971153846153846,0.037259615384615384,box,0.0025974251109467457,416,416,,,,,,,,
dea5aec244fe58f8,e80c51c5646b39cf,train,smoking_0950_jpg.rf.b2963854d764fc5eeba0aca7f044dd6d.jpg,1,1,0.5552884615384616,0.65625,0.12379807692307693,0.07451923076923077,box,0.009225337463017751,416,416,,,,,,,,
0063275173b8e393,c8ea8da481a587c0,train,smoking_0956_jpg.rf.6002b72db9909e44e709271c7b209178.jpg,1,1,0.4495192307692308,0.5408653846153846,0.08533653846153846,0.1622596153846154,box,0.01384667390902367,416,416,,,,,,,,
ad918de5c270ba3f,f0ce9d32d16b7a27,train,smoking_0980_jpg.rf.60bf556b80c0019560768bd289959c6f.jpg,1,1,0.5504807692307693,0.5,0.22596153846153846,0.06370192307692307,box,0.014394184541420118,416,416,,,,,,,,
cbdf4a8a8bdf7448,6b0e05432a19902b,train,smoking_1011_jpg.rf.1760315702ab6207091e3fd4b496bcb6.jpg,1,1,0.6081730769230769,0.4338942307692308,0.15264423076923078,0.10096153846153846,box,0.015411196375739646,416,416,0,,,,,,,
78bfdcab0773aa01,cf48cfdbdc11dd1c,train,smoking_1098_jpg.rf.d54dd9ebaed341e5c4d88fcdf7d143c2.jpg,1,1,0.5096153846153846,0.4579326923076923,0.40024038461538464,0.15985576923076922,box,0.06398073455991124,416,416,,,,,,,,
8338660a8931f854,15fb73528ad7a48c,valid,9_jpg.rf.dc6404350a9aacda19da8ccd328026dd.jpg,1,1,0.3015625,0.5640625,0.415625,0.228125,box,0.094814453125,640,640,,,,,,,,
3f7cec53600d476e,c0abd09b1f5bbec4,valid,IMG_4498_jpg.rf.64d0e89cdd59567ba87feba0dcc4f4c7.jpg,2,1,0.6374007936507936,0.6001984126984127,0.05456349206349209,0.06696428571428581,box,0.0036538052721088506,1536,2048,0,,,,,,,
d6a012c589e81e29,5f03ec09ce715243,valid,WIN_20220507_20_59_15_Pro_jpg.rf.2c87105988ad446a672893649fb73ebe.jpg,1,1,0.56015625,0.4984375,0.09609375,0.36328125,box,0.0349090576171875,640,640,,,,,,,,
9e2a8c181b1f2049,4c973d138c39dcd9,valid,WIN_20220507_21_29_18_Pro_jpg.rf.ab513bf562b24788f586294b87b2476c.jpg,1,1,0.49765625,0.91015625,0.053125,0.12734375,box,0.00676513671875,640,640,,,,,,,,
8ae2e0d3c566ec44,a04023a30965351b,valid,WIN_20220507_21_29_24_Pro-2-_jpg.rf.1d18b0242c65985f46038105e49dbb99.jpg,1,1,0.2875,0.38203125,0.0890625,0.28828125,box,0.025675048828125,640,640,,,,,,,,
38f3aea686a9b511,9ba8c155ee40d0a6,valid,WIN_20220507_23_10_41_Pro_jpg.rf.fe623435ad2ed0123d835f9d83db817d.jpg,1,1,0.73828125,0.50859375,0.1921875,0.0796875,box,0.01531494140625,640,640,,,,,,,,
df16443aa7875847,f067a6315e6ecd39,valid,images-66-_jpg.rf.891c6793dd67f875b26b33436b3261de.jpg,1,1,0.7203125,0.6359375,0.2046875,0.13671875,box,0.027984619140625,640,640,,,,,,,,
6df8d5b60b514488,132236b4c844bf7d,valid,indir-17-_jpg.rf.bfb995155b0b40cf722dbe8fe2dc1812.jpg,1,1,0.2515625,0.475,0.37734375,0.18515625,box,0.06986755371093749,640,640,,,,,,,,
a9e7882e976a48be,4ad8c51290a68edb,valid,pexels-photo-9742474_jpeg_jpg.rf.6e0d829043dc072b0876da1d0b86e343.jpg,1,1,0.28203125,0.36796875,0.0875,0.1109375,box,0.00970703125,640,640,,,,,,,,
f8e292816377eb82,d90b4ebba6e77657,valid,smoking_0729_jpg.rf.f7c71640d2fbb8ebde75821802e8a780.jpg,1,1,0.5300480769230769,0.7235576923076923,0.13581730769230768,0.26802884615384615,box,0.03640295626849112,416,416,,,,,,,,
3f4c558abbd48bb5,1e60a0e218b28c2f,test,IMG_4463_jpg.rf.4c7724d881eb077e2a1af7a84cadbcfb.jpg,2,1,0.6374007936507936,0.7378472222222222,0.061177248677248684,0.06448412698412698,box,0.003944961472243218,1536,2048,0,,,,,,,
061621a193ebb450,4933176e607b8092,test,IMG_4516_jpg.rf.0df16423c457ff7c23962f14a6735585.jpg,1,1,0.480224609375,0.8001302083333334,0.0419921875,0.041015625,box,0.0017223358154296875,2048,1536,0,,,,,,,
eed90b99e43d00e6,52eb53030ba8e5d8,test,WIN_20220329_21_28_57_Pro_jpg.rf.6cb12a3b9d600d00d4d4738976c55afa.jpg,1,1,0.484375,0.39765625,0.13671875,0.2234375,box,0.030548095703125,640,640,,,,,,,,
0b43aca47202951a,3dd187821df507a4,test,WIN_20220329_21_31_00_Pro_jpg.rf.f7a297bda1e72b7ef4c13efa79489982.jpg,1,1,0.428125,0.2921875,0.08671875,0.165625,box,0.01436279296875,640,640,,,,,,,,
0622b96a0a7254ca,f6007ab2d8fbb76f,test,WIN_20220507_20_59_02_Pro_jpg.rf.467755b80a3866136bdf0b35c61896a6.jpg,1,1,0.37890625,0.57578125,0.18984375,0.06953125,box,0.0132000732421875,640,640,,,,,,,,
7ed51daa0d1551fa,ed82cc56f0392e78,test,download-2-_jpeg_jpg.rf.39b2bdd6242ba1c002d06388018d643f.jpg,2,1,0.69140625,0.4203125,0.19140625,0.8078125,box,0.154620361328125,640,640,,,,,,,,
f3006408cbd18835,a8a9ed5eb11f70fe,test,iaaages_jpg.rf.399faff2feef0ff513b36aef5e1df450.jpg,1,1,0.2515625,0.49296875,0.334375,0.1109375,box,0.03709472656249999,640,640,,,,,,,,
3132510378771938,d7b55d886b1e021f,test,images-35-_jpg.rf.698f0e0c80610d642d124ed487c99c6c.jpg,1,1,0.4625,0.23828125,0.1890625,0.4234375,box,0.08005615234375,640,640,,,,,,,,
10eab4114bfc31e7,33c7db42b7f9737c,test,images-52-_jpg.rf.3569b61c0ec84e4c687de340e20281a2.jpg,1,1,0.51796875,0.2765625,0.0890625,0.3171875,box,0.028249511718750002,640,640,,,,,,,,
bdc5d8f9506c708c,ce8d46c6934696a5,test,images-94-_jpg.rf.a6c430ddc9dfa1314ebc3cdb6300c131.jpg,1,1,0.5578125,0.41796875,0.384375,0.5578125,box,0.21440917968750003,640,640,,,,,,,,
