record_id,source_key,split,image,annotation_index,current_class,x_center,y_center,width,height,geometry,box_area_fraction,image_width,image_height,other_classes,reviewer_1,decision_1,reviewer_2,decision_2,adjudicator,final_decision,notes,reviewed_at_1,notes_1,reviewed_at_2,notes_2,adjudication_reason
3785e1d3a7dcb22b,6bc78acc90ed668a,train,IMG_4510_jpg.rf.3b6863c994d32c3050d71cd4f49ba157.jpg,3,1,0.5560515872395833,0.4217509921875,0.010251322916666639,0.0146329365234375,polygon_bbox,0.0001500069575208431,1536,2048,0,yhm,invalid,,,,,,2026-08-14T15:27:14.811Z,,,,reviewer1_missing_required_note
78ae2086262f9808,a3b370d194dfb5e0,train,images-42-_jpg.rf.2a9a968ad733f718def73c2a211a00ef.jpg,1,1,0.640625,0.56953125,0.61328125,0.58203125,box,0.3569488525390625,640,640,,yhm,ambiguous,,,,,R1: flame+cigarette,2026-08-14T15:29:07.289Z,flame+cigarette,,,ambiguous
c1c466528949ea00,6c8ec54a6ec6dd90,train,smoking_0056_jpg.rf.0b415cce39184a1b98dc4dc84604b65a.jpg,1,1,0.5877403846153846,0.5264423076923077,0.2283653846153846,0.1971153846153846,box,0.04501433062130177,416,416,,yhm,cigarette,hzp,smoking_action,,,,2026-08-14T15:30:40.500Z,,2026-08-14T15:39:30.210Z,,reviewer_disagreement
71937495e190e230,4fd6699ad3540701,train,smoking_0097_jpg.rf.4aaf53df0c8401b5db30d48b2dae59da.jpg,1,1,0.38461538461538464,0.6430288461538461,0.11778846153846154,0.10336538461538461,box,0.012175249630177513,416,416,,yhm,ambiguous,,,,,R1: cigarette+flame,2026-08-14T15:30:56.155Z,cigarette+flame,,,ambiguous
e4c2f9d807e31dc9,bc05c3734cc32d54,train,smoking_0229_jpg.rf.71748ad2cde5e080b81e8e24ae78c08e.jpg,1,1,0.53125,0.5516826923076923,0.3401442307692308,0.15625,box,0.05314753605769231,416,416,,yhm,ambiguous,hzp,ambiguous,,,R1: cigarette+smoke | R2: cigarette+flame,2026-08-14T15:32:30.672Z,cigarette+smoke,2026-08-14T15:39:35.103Z,cigarette+flame,ambiguous
3403654e5c7d82b4,752ab94e4d48cbd8,train,smoking_0775_jpg.rf.fc4894549ff28e6399d0ac5b29df7c08.jpg,1,1,0.5805288461538461,0.4338942307692308,0.14903846153846154,0.06971153846153846,box,0.010389700443786983,416,416,,yhm,invalid,,,,,,2026-08-14T15:34:08.771Z,,,,reviewer1_missing_required_note
7eb4333b9680cb6a,ea5984dad8b655b1,train,smoking_0855_jpg.rf.a49a47645739c529714d40bb74c3c64d.jpg,1,1,0.42788461538461536,0.5552884615384616,0.1814903846153846,0.2776442307692308,box,0.050389758228550297,416,416,,yhm,ambiguous,hzp,ambiguous,,,R1: cigarette+smoke | R2: cigarette+smoke,2026-08-14T15:34:17.954Z,cigarette+smoke,2026-08-14T15:39:51.836Z,cigarette+smoke,ambiguous
321272aabae46f3c,4ff49173393b3dcf,train,smoking_0930_jpg.rf.7abc313d5f407b5200c10b78c1a4d6a9.jpg,1,1,0.6105769230769231,0.5793269230769231,0.22956730769230768,0.12860576923076922,box,0.029523680196005913,416,416,,yhm,ambiguous,,,,,R1: cigarette+smoke,2026-08-14T15:34:43.303Z,"cigarette+smoke
",,,ambiguous
6f8a4805f609b7f0,21029bd04098bfd5,train,smoking_0948_jpg.rf.d4712fa139c9891d00b64d31d7e50ed8.jpg,1,1,0.39903846153846156,0.7475961538461539,0.13581730769230768,0.15264423076923078,box,0.020731728457840236,416,416,,yhm,invalid,,,,,,2026-08-14T15:35:01.204Z,,,,reviewer1_missing_required_note
dea5aec244fe58f8,e80c51c5646b39cf,train,smoking_0950_jpg.rf.b2963854d764fc5eeba0aca7f044dd6d.jpg,1,1,0.5552884615384616,0.65625,0.12379807692307693,0.07451923076923077,box,0.009225337463017751,416,416,,yhm,invalid,hzp,ambiguous,,,R2: cigarette+smoke,2026-08-14T15:35:08.320Z,,2026-08-14T15:40:00.586Z,cigarette+smoke,reviewer_disagreement|ambiguous|reviewer1_missing_required_note
ad918de5c270ba3f,f0ce9d32d16b7a27,train,smoking_0980_jpg.rf.60bf556b80c0019560768bd289959c6f.jpg,1,1,0.5504807692307693,0.5,0.22596153846153846,0.06370192307692307,box,0.014394184541420118,416,416,,yhm,ambiguous,hzp,ambiguous,,,R1: cigarette+smoke | R2: cigarette+smoke,2026-08-14T15:35:13.170Z,cigarette+smoke,2026-08-14T15:40:09.103Z,cigarette+smoke,ambiguous
f03f246b2fb76d19,f8946e69036b1829,train,smoking_1041_jpg.rf.3cb920cf7892e0300f97f5877cdba8a5.jpg,1,1,0.421875,0.3894230769230769,0.19110576923076922,0.13701923076923078,box,0.02618516549556213,416,416,,yhm,ambiguous,,,,,R1: cigarette+flame,2026-08-14T15:35:34.620Z,cigarette+flame,,,ambiguous
7f68e5ef91d8d4e2,30c89ca289c5dc13,train,smoking_1102_jpg.rf.e2cf00e89b7b0a716bb5fe83fd3148af.jpg,1,1,0.6538461538461539,0.3858173076923077,0.40865384615384615,0.5925480769230769,box,0.24214705066568046,416,416,,yhm,ambiguous,,,,,R1: cigarette+smoke,2026-08-14T15:35:47.587Z,cigarette+smoke,,,ambiguous
76b3070f477f84fd,f839ad1fbf0f7cff,train,smoking_1119_jpg.rf.bc6a2dfb37d1c277c614702c1ce8d661.jpg,1,1,0.6682692307692307,0.4411057692307692,0.15865384615384615,0.21033653846153846,box,0.03337070081360947,416,416,,yhm,ambiguous,,,,,R1: cigarette+smoke,2026-08-14T15:35:55.270Z,"cigarette+smoke
",,,ambiguous
8338660a8931f854,15fb73528ad7a48c,valid,9_jpg.rf.dc6404350a9aacda19da8ccd328026dd.jpg,1,1,0.3015625,0.5640625,0.415625,0.228125,box,0.094814453125,640,640,,yhm,cigarette,hzp,flame,,,,2026-08-14T15:36:03.076Z,,2026-08-14T15:40:23.337Z,,reviewer_disagreement
3f7cec53600d476e,c0abd09b1f5bbec4,valid,IMG_4498_jpg.rf.64d0e89cdd59567ba87feba0dcc4f4c7.jpg,2,1,0.6374007936507936,0.6001984126984127,0.05456349206349209,0.06696428571428581,box,0.0036538052721088506,1536,2048,0,yhm,cigarette,hzp,flame,,,,2026-08-14T15:36:06.256Z,,2026-08-14T15:40:24.587Z,,reviewer_disagreement
ba6b5463ca9d9dbe,449221d2d39891b8,valid,WIN_20220507_23_10_34_Pro-2-_jpg.rf.356f776e2e38086af86a7ae19e58b5ed.jpg,1,1,0.4984375,0.91328125,0.0453125,0.02890625,box,0.001309814453125,640,640,,yhm,invalid,,,,,,2026-08-14T15:36:24.154Z,,,,reviewer1_missing_required_note
a9b712cfcc21f945,aa93583bede1e676,valid,smoking_0199_jpg.rf.35aab8c0879e9927cdf08b6da18519f5.jpg,1,1,0.42427884615384615,0.8064903846153846,0.24158653846153846,0.18028846153846154,box,0.04355526534763313,416,416,,yhm,ambiguous,,,,,R1: cigarette+smoke,2026-08-14T15:36:41.170Z,cigarette+smoke,,,ambiguous
a41974fa350e9b7f,f65cadffe07870f4,valid,smoking_0465_jpg.rf.1de3e564ec217e1b9b413b4594238c9c.jpg,1,1,0.5,0.6694711538461539,0.18389423076923078,0.24759615384615385,box,0.045531504252958585,416,416,,yhm,ambiguous,,,,,R1: cigarette+smoke,2026-08-14T15:36:56.770Z,"cigarette+smoke
",,,ambiguous
b0fe64ca0945e899,97576f3ab7e343af,test,smoking_0492_jpg.rf.4703e3092c7d5178efa334e29030d54f.jpg,1,1,0.4387019230769231,0.4110576923076923,0.08653846153846154,0.11177884615384616,box,0.009673169378698224,416,416,,yhm,ambiguous,,,,,R1: cigarette+smoke,2026-08-14T15:37:36.819Z,cigarette+smoke,,,ambiguous
ee4d967597900263,82224d3a9d2c948a,test,smoking_0798_jpg.rf.e9a12f6da5cc1cd44cfc3be7d6f96f50.jpg,1,1,0.5661057692307693,0.49759615384615385,0.2800480769230769,0.1141826923076923,box,0.03197664339866864,416,416,,yhm,ambiguous,,,,,R1: cigarette+smoke,2026-08-14T15:37:50.136Z,cigarette+smoke,,,ambiguous
