record_id,source_key,split,image,annotation_index,original_class_id,final_decision,canonical_class_id,detector_action,final_source,adjudicator,notes
17b53ca84a4a2544,8121179664afa229,train,10_jpg.rf.45f4814446f819e54457ac72ba8cee9d.jpg,1,1,flame,1,keep,reviewer1_accepted,,
b90e5aef06993c60,b18995fbd0d92020,train,11_jpg.rf.55fb0c35e4ec4aa736db487d3eafa813.jpg,1,1,flame,1,keep,reviewer1_accepted,,
13715c5dfe556d63,c54f18b2b468c81c,train,13_jpg.rf.306518dec7013cd465a677415eca7a7e.jpg,1,1,flame,1,keep,reviewer1_accepted,,
8021420f113a440b,b60738e52d7d84f4,train,1_jpg.rf.81f3cc4488be4f8be691a7174a9d0201.jpg,1,1,flame,1,keep,reviewer1_accepted,,
c3ccc697dd641052,af7fe5f7fd4f7165,train,2_jpg.rf.336d1bd7aa855c60f03580c0881b1c75.jpg,1,1,flame,1,keep,reviewer1_accepted,,
b641168e02fd495b,fde4898ed0e23496,train,3_jpg.rf.5a3d96efa550b5e3a7be81865cb1dddf.jpg,1,1,flame,1,keep,reviewer1_accepted,,
a944f3242da51425,ee52fae1a3eee197,train,7_jpg.rf.20adc8785fb8645bbbedecbd2a67eeb5.jpg,1,1,flame,1,keep,reviewer1_accepted,,
a86ed7b60b8cbb2a,a06baa949a60fe82,train,8_jpg.rf.68ebd4e393c780f486df236202914aef.jpg,1,1,flame,1,keep,reviewer1_accepted,,
89b6ee256795741e,faf62af4aa25f803,train,IMG_4451_jpg.rf.7471cb1d4332717e1469c7b5dd5626e7.jpg,2,1,cigarette,0,relabel,reviewer1_accepted,,
1eda9cbccbd12216,96502ad36b3fa1fd,train,IMG_4453_jpg.rf.3f3bd4e4615fa70acd02f49f29fb3b72.jpg,2,1,flame,1,keep,reviewer1_accepted,,
a48f990eb33c8f93,99c5a7090af5df86,train,IMG_4456_jpg.rf.514313d78c2db693ed4ebf1455682b3e.jpg,2,1,flame,1,keep,reviewer1_accepted,,
5d99642c18a9d7c2,cd3b9161f5e42c01,train,IMG_4459_jpg.rf.4892d1248372c0e84ba4a77cbc1e1f0d.jpg,2,1,flame,1,keep,reviewer1_accepted,,
b66055a6c21889ea,d7266331da68cc02,train,IMG_4460_jpg.rf.6e9851de1d9dcf1b19908d5ff767c594.jpg,2,1,flame,1,keep,reviewer1_accepted,,
d791e25fa0865cdb,84fe3bc0334abd14,train,IMG_4461_jpg.rf.c84894df9108eb57e51d2311809e3a47.jpg,2,1,flame,1,keep,reviewer1_accepted,,
b19cd20d10dac0a0,fa8e1b99c235ca51,train,IMG_4464_jpg.rf.1486f4d66972341bae095845b8c6f780.jpg,2,1,flame,1,keep,reviewer1_accepted,,
ecd993a45d7db3ee,0a7ec5c80c631072,train,IMG_4469_jpg.rf.599f28dd1c219edc2e81364ba800cb52.jpg,3,1,flame,1,keep,reviewer1_accepted,,
7e25ef0a533f6a53,69eea69ae69aeacd,train,IMG_4472_jpg.rf.2ce50c890f8525a20f9e93c54ba16dd3.jpg,3,1,flame,1,keep,reviewer1_accepted,,
8efab49ded25274b,fc7fa188e0b7aa27,train,IMG_4493_jpg.rf.0fb27e11be56c8f2637559e6e21bc704.jpg,2,1,flame,1,keep,reviewer1_accepted,,
4ae877987552ee30,1cb6fa6072088054,train,IMG_4496_jpg.rf.2ee17157725181dfc5f5ebf1aeacf185.jpg,1,1,flame,1,keep,reviewer1_accepted,,
58993074f0c6803b,0b7e919abe488e7f,train,IMG_4499_jpg.rf.c5e9dcd2a87087574ac122ba1b9358bd.jpg,3,1,flame,1,keep,reviewer1_accepted,,
7672bca194d13bb6,6674d2f696a001e2,train,IMG_4503_jpg.rf.1ee263d2d6f61756d22c773c90083961.jpg,1,1,flame,1,keep,reviewer1_accepted,,
3785e1d3a7dcb22b,6bc78acc90ed668a,train,IMG_4510_jpg.rf.3b6863c994d32c3050d71cd4f49ba157.jpg,3,1,invalid,,drop,adjudicated,两人一起,红框太小
36e4510c9e11db51,6bc78acc90ed668a,train,IMG_4510_jpg.rf.3b6863c994d32c3050d71cd4f49ba157.jpg,4,1,flame,1,keep,reviewer1_accepted,,
028a343895b851fe,ff02f6b0b02517d6,train,IMG_4511_jpg.rf.1f1aaa357afd0c4e5acf4b210bcf101b.jpg,1,1,flame,1,keep,reviewer1_accepted,,
2536d8b5a9270cee,627bd314583438e8,train,IMG_4517_jpg.rf.6ad37d2bdbd0ba56a44b7661a4904876.jpg,1,1,flame,1,keep,reviewer1_accepted,,
edaaecdaea621301,7f7c5e24a85bc50d,train,IMG_4521_jpg.rf.6d59143a1ee51b480a3a0a992b14f9b8.jpg,1,1,flame,1,keep,reviewer1_accepted,,
c8924558a4d8ec53,dbb6e9c1ab294b2b,train,IMG_4522_jpg.rf.025b75bc8427b6cc0c74005faad366f2.jpg,2,1,flame,1,keep,reviewer1_accepted,,
16e3b3c614692ab9,bcd3e77477196270,train,IMG_4525_jpg.rf.ae7fb5d4f236857beff91e5f040f539f.jpg,1,1,flame,1,keep,reviewer1_accepted,,
df99d8f42b2dc29e,9c9f2494224b61f0,train,IMG_4526_jpg.rf.052560082175a7985a66532c81e903cb.jpg,2,1,flame,1,keep,reviewer1_accepted,,
0b13ab9cb0a4ddf9,3cce8f3e84a2dfe0,train,IMG_4528_jpg.rf.3a267112d3bd27eead96c1447e47a825.jpg,1,1,flame,1,keep,reviewer1_accepted,,
03fc765e9f2d8ee1,937798eb1095f876,train,IMG_4531_jpg.rf.495828992af8b63aa1b18276987b3872.jpg,1,1,flame,1,keep,reviewer1_accepted,,
0272a03d83ff9941,b390d89df83836d6,train,IMG_4539_jpg.rf.113184675928a4b9eecd4954c349ec47.jpg,2,1,flame,1,keep,reviewer1_accepted,,
5997fdcd9b09835a,68dc86940a81de3e,train,IMG_4541_jpg.rf.1d42da443128d78e057b6885e2a8deb3.jpg,2,1,flame,1,keep,reviewer1_accepted,,
8623ebdf19c97e1e,e6e8390a38bd6ef2,train,IMG_4542_jpg.rf.6e4d176becbac3687bd0f3e10d51a39d.jpg,2,1,flame,1,keep,reviewer1_accepted,,
e4b7fdf0f239d049,db9e6edaa3648678,train,IMG_4544_jpg.rf.18748e066f59e142f249239646081ce2.jpg,2,1,flame,1,keep,reviewer1_accepted,,
7e611f9553571dc1,a5e741056febb118,train,IMG_4545_jpg.rf.044717341953cdf5f207b8a71098864b.jpg,2,1,flame,1,keep,reviewer1_accepted,,
77ec2b1c71c8afd6,c2c974d4a0336f5b,train,IMG_4546_jpg.rf.26bd030fcaeee71abd87023f7fedbe56.jpg,3,1,flame,1,keep,reviewer1_accepted,,
3636a37b9ec6c0d7,2d6fd543dead743a,train,IMG_4547_jpg.rf.397d7d39940885b9a9da908ccd5ff11d.jpg,1,1,flame,1,keep,reviewer1_accepted,,
70c198c8f8188a51,10278d3eda56d2e5,train,IMG_5714_JPG.rf.17c194196499611c04aea9cd371277af.jpg,1,1,flame,1,keep,reviewer1_accepted,,
827c2be88ae09318,54175c78bc93f140,train,IMG_5715_JPG.rf.2a6d0dc6efd294bc1db11bd74339aa39.jpg,1,1,flame,1,keep,reviewer1_accepted,,
58ea769e2ff88a95,5d0c494f2c1a3caa,train,IMG_5716_JPG.rf.9a1e3162cf356116a612740f4286cdbb.jpg,1,1,flame,1,keep,reviewer1_accepted,,
391d42c175cdc03c,b17056abd0a2fe5b,train,IMG_5772_JPG.rf.cd3d7bfc6b309c7c8dc0de32f6f8844b.jpg,1,1,flame,1,keep,reviewer1_accepted,,
4edf3887fd924900,487064a239214715,train,IMG_5818_jpg.rf.2cd7c3c005fd7bf03764018634de2694.jpg,1,1,flame,1,keep,reviewer1_accepted,,
d43c599631ca0475,3392a6d872b0999e,train,IMG_5819_jpg.rf.f3508bd9a07d5d4d96c5d6c609951c34.jpg,1,1,flame,1,keep,reviewer1_accepted,,
26ce76eb7bd365bf,a6b23766c842894d,train,IMG_5820_jpg.rf.160e5eddc9a1b4a7e0d83b493051c3cd.jpg,1,1,flame,1,keep,reviewer1_accepted,,
840136ec66899b1f,90922df797166348,train,IMG_5821_jpg.rf.c076d8b38c06434dbcae0cb992939d08.jpg,1,1,flame,1,keep,reviewer1_accepted,,
779a4323c5df1595,c9fc366e36ebd1c6,train,IMG_5822_jpg.rf.4c2492eee769b40492a96f8435b0ebe2.jpg,1,1,flame,1,keep,reviewer1_accepted,,
4af381f970363db0,fa952b6965b02f77,train,WIN_20220329_21_28_37_Pro_jpg.rf.1982a38888f342b5a94b254ef0a700eb.jpg,1,1,flame,1,keep,reviewer1_accepted,,
f64bcd7f8f0dae8c,8eb5439d3e58dab7,train,WIN_20220329_21_28_41_Pro_jpg.rf.6a92eb7b1f2b15b6a5dd9b010ace3ff9.jpg,1,1,flame,1,keep,reviewer1_accepted,,
df6062021d2f31bf,026f2a21b8446af3,train,WIN_20220329_21_28_42_Pro_jpg.rf.9d0b707fe78ab12a5dd9ccd9408df8fe.jpg,1,1,flame,1,keep,reviewer1_accepted,,
1d09438f56163262,c0a5582c1b159146,train,WIN_20220329_21_28_44_Pro_jpg.rf.9113c2b18e50fbb52ef5ba75c6dd0a52.jpg,1,1,flame,1,keep,reviewer1_accepted,,
57e0ab87821b1e4b,50e8ab3d128d7dbe,train,WIN_20220329_21_28_52_Pro_jpg.rf.bdc2ae1b9b0d4bb5619e8b62ea608984.jpg,1,1,flame,1,keep,reviewer1_accepted,,
230d89d81b537cc4,cf3874652fcd2736,train,WIN_20220329_21_28_54_Pro_jpg.rf.909a72d1612df6824fd05d0d42bf0ebf.jpg,1,1,flame,1,keep,reviewer1_accepted,,
b513cfb8088caaa7,732a7505b6c1aeb6,train,WIN_20220329_21_28_55_Pro_jpg.rf.ab050cff07aeb12ae69a3a5906462e96.jpg,1,1,flame,1,keep,reviewer1_accepted,,
b3fb13921897285a,e6273d993d4ef80c,train,WIN_20220329_21_28_59_Pro_jpg.rf.16906528a030b58fac265be63861b4c5.jpg,1,1,flame,1,keep,reviewer1_accepted,,
ab4cde0f792ce24e,c9a994636b5913b1,train,WIN_20220329_21_29_00_Pro_jpg.rf.277780b30ba7dbb1c80a1d80ab5fbf89.jpg,1,1,flame,1,keep,reviewer1_accepted,,
39968baaf1de8668,ada15b38651dc253,train,WIN_20220329_21_29_02_Pro_jpg.rf.9b54d8b500265a07410126e77c086c80.jpg,1,1,flame,1,keep,reviewer1_accepted,,
b51fd36ea61ad9db,77c84f6440e20d98,train,WIN_20220329_21_29_31_Pro_jpg.rf.8a304e77576b80005bb200a51c7de5d0.jpg,1,1,flame,1,keep,reviewer1_accepted,,
cfd435653f376190,a6468e5d4e41bad1,train,WIN_20220329_21_29_37_Pro_jpg.rf.5fa2701c0c3a0f39aee898ca6de40c85.jpg,1,1,flame,1,keep,reviewer1_accepted,,
0a5ee3b62ef29096,a92f780b1ea8c7ab,train,WIN_20220329_21_29_39_Pro_jpg.rf.6af47eed7a7904b5102f3c7bad7efa5d.jpg,1,1,flame,1,keep,reviewer1_accepted,,
e2fd5bc1efe28d72,e1b6b98383068c7f,train,WIN_20220329_21_29_42_Pro_jpg.rf.844362b326187817c9bbbefa2b9a22d8.jpg,1,1,flame,1,keep,reviewer1_accepted,,
a2e018eebd3b0f74,6a03b2fb13740253,train,WIN_20220329_21_29_44_Pro_jpg.rf.2d1da1c63418eb50d3e332b9d116a2f7.jpg,1,1,flame,1,keep,reviewer1_accepted,,
4695297c263197ed,3123a71de3b55970,train,WIN_20220329_21_29_47_Pro_jpg.rf.42089a7064dfa0beb28a72f6682752e2.jpg,1,1,flame,1,keep,reviewer1_accepted,,
2b113ec78ef33d83,43b383c5b6b4cbb2,train,WIN_20220329_21_29_51_Pro_jpg.rf.2d2812f2230fd0d6626bb8d58cd82a99.jpg,1,1,flame,1,keep,reviewer1_accepted,,
d5de1fd0e91ecd6a,5966a0309be54494,train,WIN_20220329_21_29_53_Pro_jpg.rf.436074420f86fc13933c99e9c8f09265.jpg,1,1,flame,1,keep,reviewer1_accepted,,
b7a47441f3728143,40edb8e864fba686,train,WIN_20220329_21_29_56_Pro_jpg.rf.55005bac80d65a80a89928590663c76b.jpg,1,1,flame,1,keep,reviewer1_accepted,,
0d48e5f7d014faa3,282b2424ac97cb2c,train,WIN_20220329_21_29_58_Pro_jpg.rf.298023d84d66feeea711b6690c40bf30.jpg,1,1,flame,1,keep,reviewer1_accepted,,
5d8e50fdd216a2b1,e7b04bb34e223e59,train,WIN_20220329_21_29_59_Pro_jpg.rf.49e5d5356fc261ab0aca149c66cb5338.jpg,1,1,flame,1,keep,reviewer1_accepted,,
bba792b4aeea71c8,e4ea89cea8b74885,train,WIN_20220329_21_30_00_Pro_jpg.rf.850d9a69e63ea9c2f3908750cfd335ec.jpg,1,1,flame,1,keep,reviewer1_accepted,,
bb9a9986762411ef,9dc02a203d3c730d,train,WIN_20220329_21_30_01_Pro_jpg.rf.059fd45dae5dc7e7c68761de4a736d9e.jpg,1,1,flame,1,keep,reviewer1_accepted,,
3d561d27847954aa,b0fcfe644c937e9c,train,WIN_20220329_21_30_02_Pro_jpg.rf.3ce5dcdb03be8f1f53071d7a27e4a732.jpg,1,1,flame,1,keep,reviewer1_accepted,,
eaaa872709e1358f,299b4b32e963d198,train,WIN_20220329_21_30_49_Pro_jpg.rf.b6f129ff616e30171b0139f563f7dc14.jpg,1,1,flame,1,keep,reviewer1_accepted,,
18e52ae9707a9cea,eed02db8a1c859b4,train,WIN_20220329_21_30_50_Pro_jpg.rf.07c72f1599fb7e63e700920cdd2181b2.jpg,1,1,flame,1,keep,reviewer1_accepted,,
d710e688c6515972,d7e7dc67b279ec16,train,WIN_20220329_21_30_52_Pro_jpg.rf.49202ba19b4dcbb0134c14fc1372603c.jpg,1,1,flame,1,keep,reviewer1_accepted,,
4dd422c3798b5560,57d798f376f2efcf,train,WIN_20220329_21_30_54_Pro_jpg.rf.5f1ea5ee40bd74ed4311aff3ae5614c8.jpg,1,1,flame,1,keep,reviewer1_accepted,,
3b69dccafc53170f,da3a41dd8353b78f,train,WIN_20220329_21_30_56_Pro_jpg.rf.257ef9ffbebf3e866ff2880e2b5fd719.jpg,1,1,flame,1,keep,reviewer1_accepted,,
88303eb5de202980,c5d7949e247e4f20,train,WIN_20220329_21_30_58_Pro_jpg.rf.ff070c7b940dc19b72314169575cb60d.jpg,1,1,flame,1,keep,reviewer1_accepted,,
25628d9f174d4399,92671ba44a29f5d4,train,WIN_20220329_21_30_59_Pro_jpg.rf.6bf6dc8f96878b73365c09cbcf55cf6d.jpg,1,1,flame,1,keep,reviewer1_accepted,,
684a49ffa2247458,01dead9d914c62e0,train,WIN_20220507_20_59_04_Pro_jpg.rf.62823f80287c603e3ff2ceca533616a7.jpg,1,1,flame,1,keep,reviewer1_accepted,,
198e50fa490217e1,47c6b723a5822f2d,train,WIN_20220507_20_59_05_Pro_jpg.rf.37d71a80135ca1d2df5a542a3db28548.jpg,1,1,flame,1,keep,reviewer1_accepted,,
1241585f41042b76,4616d81ef729d95c,train,WIN_20220507_20_59_08_Pro_jpg.rf.547ed1a8cec40b8d246e3f38099a976d.jpg,1,1,flame,1,keep,reviewer1_accepted,,
8524789571d27e55,b8090374482060fa,train,WIN_20220507_20_59_10_Pro_jpg.rf.40d2d7d5ab2cd2cdb761daecc98181fc.jpg,1,1,flame,1,keep,reviewer1_accepted,,
916fd081fb54e36a,34fb03f41f7f1f03,train,WIN_20220507_20_59_17_Pro_jpg.rf.4a83bf78224e41af151a1c5270e61406.jpg,1,1,flame,1,keep,reviewer1_accepted,,
a4127c0cbae3568f,f3c7b5be75874141,train,WIN_20220507_20_59_18_Pro_jpg.rf.574899f8536075a8ded0070c0a5e9e91.jpg,1,1,flame,1,keep,reviewer1_accepted,,
051f968ca3c5cee9,3062a8b23402a767,train,WIN_20220507_20_59_19_Pro_jpg.rf.d1b165a45d2e15c89f1ed16eae9695e6.jpg,1,1,flame,1,keep,reviewer1_accepted,,
5646d2d0f392d982,343b62498ab883dc,train,WIN_20220507_21_27_11_Pro_jpg.rf.d06502195b6ab923575d8b24a140f96e.jpg,1,1,flame,1,keep,reviewer1_accepted,,
33cbf22963b6ba62,2e5a2c6f710e2d0d,train,WIN_20220507_21_27_13_Pro_jpg.rf.d29c1a7b673e15c66fc7c8e7638155e1.jpg,1,1,flame,1,keep,reviewer1_accepted,,
89f246a384a03d2a,e81a930dc1b4c8fa,train,WIN_20220507_21_27_14_Pro_jpg.rf.726b1ca9e1cb0f6fa44ce4e734bdd8a4.jpg,1,1,flame,1,keep,reviewer1_accepted,,
d8e0474615d4bfe8,879128fb237aa136,train,WIN_20220507_21_27_15_Pro_jpg.rf.c9ff8fdc00766aac2892427cb3628a2a.jpg,1,1,flame,1,keep,reviewer1_accepted,,
245eab1ae77b3c49,de74f3752178d97b,train,WIN_20220507_21_27_17_Pro_jpg.rf.76ef27a4885a40dfad177ab2a7ee2aa9.jpg,1,1,flame,1,keep,reviewer1_accepted,,
26a14b67956f2c9f,ace333192a4f392b,train,WIN_20220507_21_27_18_Pro_jpg.rf.bd1f01a0662ef71797ad5ce7ec0b5700.jpg,1,1,flame,1,keep,reviewer1_accepted,,
cb1fc53bac07b21e,abd379591b73b27d,train,WIN_20220507_21_27_19_Pro_jpg.rf.6f9b2d18e8bd6cdd5aec59d4c52cf6d9.jpg,1,1,flame,1,keep,reviewer1_accepted,,
eaf90040a8fa91ae,3923701fb220855a,train,WIN_20220507_21_27_20_Pro_jpg.rf.9f08415e30e1748d13311c84223231e2.jpg,1,1,flame,1,keep,reviewer1_accepted,,
e4ddf59934c1cead,45bd82c2ae8b5f87,train,WIN_20220507_21_27_21_Pro_jpg.rf.30372b1d8a3b994157774131222dc557.jpg,1,1,flame,1,keep,reviewer1_accepted,,
3d4cd26725cb5900,89cbb5f66a2fd278,train,WIN_20220507_21_27_22_Pro-2-_jpg.rf.214a1602685365d2d91d486a75135a8a.jpg,1,1,flame,1,keep,reviewer1_accepted,,
2acbf82ae16fee4f,dcbd14a8a75ba384,train,WIN_20220507_21_27_23_Pro_jpg.rf.8e986965e340ae9c4e4058ca247848d9.jpg,1,1,flame,1,keep,reviewer1_accepted,,
898ed142d16d46de,54fa6a33a22fbc52,train,WIN_20220507_21_27_51_Pro_jpg.rf.290631be008014b1ae2bfcee9515757c.jpg,1,1,flame,1,keep,reviewer1_accepted,,
d0155bbedfd919af,1671c525e7f8b513,train,WIN_20220507_21_27_53_Pro_jpg.rf.2d2b0a17b679c8b219719806f322b734.jpg,1,1,flame,1,keep,reviewer1_accepted,,
06cfa049f00a17a9,94b049da6eb6964f,train,WIN_20220507_21_27_54_Pro_jpg.rf.26aa55cb66b6a3db96c44d00318d80d5.jpg,1,1,flame,1,keep,reviewer1_accepted,,
98c4fff8182c6ea8,c402415e0f49254b,train,WIN_20220507_21_27_55_Pro_jpg.rf.952e0f69280cd88ed2e4729d82ea51b7.jpg,1,1,flame,1,keep,reviewer1_accepted,,
7a202d9ab71f3dc0,7237ca51e7f620f2,train,WIN_20220507_21_27_56_Pro_jpg.rf.bbf1f931e5a41d45057f7456907a86c0.jpg,1,1,flame,1,keep,reviewer1_accepted,,
368e7aa9e60b5d20,5a167a8230bd6d70,train,WIN_20220507_21_27_59_Pro_jpg.rf.a356b7b8b1dfa4795a8431a324278bb5.jpg,1,1,flame,1,keep,reviewer1_accepted,,
37047ec9daf2b164,82d1ff52d8d4ee42,train,WIN_20220507_21_28_06_Pro_jpg.rf.35f4fc60db2dd280c94e010aaca2d199.jpg,1,1,flame,1,keep,reviewer1_accepted,,
99e92260ba2e6586,8e95597b82352da6,train,WIN_20220507_21_28_29_Pro-2-_jpg.rf.8bd43aec7d770fb577f7c11f6d2a537b.jpg,1,1,flame,1,keep,reviewer1_accepted,,
237b5544ecfbe9fc,da22362013991e9e,train,WIN_20220507_21_28_29_Pro_jpg.rf.3408aaff3d5720d34777a6ebb43a2f17.jpg,1,1,flame,1,keep,reviewer1_accepted,,
13f9077eed46ca0b,82f665611eb3eec1,train,WIN_20220507_21_28_31_Pro_jpg.rf.d49852378b4e4fc92ca752f61605dde6.jpg,1,1,flame,1,keep,reviewer1_accepted,,
b649ed9ce05116d1,3322cb708bb789f6,train,WIN_20220507_21_28_32_Pro_jpg.rf.30d207b831e9022e1af3d300bedc6b21.jpg,1,1,flame,1,keep,reviewer1_accepted,,
8840bb3bfe83cb4c,97b956bece910a1e,train,WIN_20220507_21_28_33_Pro_jpg.rf.182eb9ae9b6456a1d32b2699b3bdfe8d.jpg,1,1,flame,1,keep,reviewer1_accepted,,
77228e25964cf9f8,3bfe850bb45425b5,train,WIN_20220507_21_28_36_Pro_jpg.rf.cace765a28db838b749a92508d79725d.jpg,1,1,flame,1,keep,reviewer1_accepted,,
57b876d079caa9cb,eab01c8fc6d96ef9,train,WIN_20220507_21_28_38_Pro_jpg.rf.87749572918d158fc900b118c48765ad.jpg,1,1,flame,1,keep,reviewer1_accepted,,
2b006aa1f2d85df0,b43cf2696b00e685,train,WIN_20220507_21_28_39_Pro_jpg.rf.6e3861534d6ea9fde7d2c1a656c38667.jpg,1,1,flame,1,keep,reviewer1_accepted,,
dc839c5fcd835776,badcc0f927fbde67,train,WIN_20220507_21_28_40_Pro_jpg.rf.db9dd39aead675bdc99a8e87519b34ed.jpg,1,1,flame,1,keep,reviewer1_accepted,,
bdc291e7ad2a0cdb,1c34a848ea14b99b,train,WIN_20220507_21_28_42_Pro_jpg.rf.ecea117baa05e68e2aec792db8ed4458.jpg,1,1,flame,1,keep,reviewer1_accepted,,
1f5ccabc8be55c93,b88e275eb5b4b2b7,train,WIN_20220507_21_28_44_Pro_jpg.rf.7dcf31285205bcdb46a25303c0794981.jpg,1,1,flame,1,keep,reviewer1_accepted,,
abb31dd164b8ecc8,d19b473797fe5203,train,WIN_20220507_21_28_45_Pro_jpg.rf.c9e4793bb8cf09bc06af69d9bf15a086.jpg,1,1,flame,1,keep,reviewer1_accepted,,
24903e60fbbe7177,c6967ee15c0231e7,train,WIN_20220507_21_28_47_Pro_jpg.rf.377ef47737c3adad4f40a8964547ed01.jpg,1,1,flame,1,keep,reviewer1_accepted,,
c3a956b6dd051617,8eb6bc0f27908da9,train,WIN_20220507_21_28_49_Pro_jpg.rf.665cd9ad6f2e0914d5b9b3ef6b10a97f.jpg,1,1,flame,1,keep,reviewer1_accepted,,
4e0d8e45b2e06a06,5589a3bfb9c424af,train,WIN_20220507_21_28_51_Pro_jpg.rf.2d1a50b0aa15dd6d64a47fad09545f4e.jpg,1,1,flame,1,keep,reviewer1_accepted,,
afc61b5e571322d1,8f47576292d4f5b6,train,WIN_20220507_21_28_55_Pro_jpg.rf.6f226940e6d42428b117c21a2f144f89.jpg,1,1,flame,1,keep,reviewer1_accepted,,
2d4f618f21ea9815,26d5d03e33ea60b6,train,WIN_20220507_21_28_58_Pro_jpg.rf.1206522e5a11c96cbedd8467440b3a4e.jpg,1,1,flame,1,keep,reviewer1_accepted,,
ffd43fc46cab0e58,9e4d572d24a3a3bf,train,WIN_20220507_21_28_59_Pro_jpg.rf.362fc6b08aef92950f956789e7743048.jpg,1,1,flame,1,keep,reviewer1_accepted,,
ff1189d4f21eb469,bd4ec45b2a536c25,train,WIN_20220507_21_29_00_Pro-2-_jpg.rf.5dcd9a10fb63076691de9938a1f60701.jpg,1,1,flame,1,keep,reviewer1_accepted,,
f9019686d6fbf010,5cc1e114d5c1f559,train,WIN_20220507_21_29_00_Pro_jpg.rf.3478bf27ccbe881766706fab959b2d28.jpg,1,1,flame,1,keep,reviewer1_accepted,,
96eea15cd2f10c1d,7a01340f94b6cadd,train,WIN_20220507_21_29_01_Pro_jpg.rf.4c16ae69835bdfb9b3319a8844dbe0a6.jpg,1,1,flame,1,keep,reviewer1_accepted,,
ca82ad094bdf6ed4,29e74b61218e83fc,train,WIN_20220507_21_29_02_Pro_jpg.rf.cf1953740491d5a2c0bdbe93dbdf9bb2.jpg,1,1,flame,1,keep,reviewer1_accepted,,
2a7550fbbb5f7c37,cf22909ac908caed,train,WIN_20220507_21_29_03_Pro-2-_jpg.rf.2e0b61c4e736bff3fc18450d6bd04955.jpg,1,1,flame,1,keep,reviewer1_accepted,,
2c92db8312260cee,7696f2a906d0bcf1,train,WIN_20220507_21_29_03_Pro_jpg.rf.4a3ad7fc785b31ec33b292ad5ff70eb8.jpg,1,1,flame,1,keep,reviewer1_accepted,,
da89182b51e06d0d,11dcdf7ff147fc5b,train,WIN_20220507_21_29_04_Pro_jpg.rf.10b994fe1cef18b491c821370bce875a.jpg,1,1,flame,1,keep,reviewer1_accepted,,
15974c3c84a918b4,4985c80b4e1a04ca,train,WIN_20220507_21_29_06_Pro_jpg.rf.b0513734de7f58327bd7f1ea24b834a1.jpg,1,1,flame,1,keep,reviewer1_accepted,,
ec8981a4b9500a50,8e25a0f6c64bc247,train,WIN_20220507_21_29_07_Pro_jpg.rf.aa43c6b9edc7a4421ae1264ed081d89a.jpg,1,1,flame,1,keep,reviewer1_accepted,,
f92990778b774153,0b7f0249942f68d7,train,WIN_20220507_21_29_19_Pro_jpg.rf.b9e50b06fb8bb5a6a6d70c3b5bc382dd.jpg,1,1,flame,1,keep,reviewer1_accepted,,
4d0a75c3063ff5cd,0560023b04ce63da,train,WIN_20220507_21_29_20_Pro_jpg.rf.2d655bb9617b0de116ea36f80f11e2b5.jpg,1,1,flame,1,keep,reviewer1_accepted,,
f86c18a9608896e6,8cc79eb46e9adee4,train,WIN_20220507_21_29_21_Pro_jpg.rf.7f58151462fc7f3fce6833063e9be8b0.jpg,1,1,flame,1,keep,reviewer1_accepted,,
574183840bc1840a,594965c87864efb1,train,WIN_20220507_21_29_22_Pro_jpg.rf.4b406e06e72094e7b01edd2633b4a540.jpg,1,1,flame,1,keep,reviewer1_accepted,,
0e40ae9bc369fd57,c3347716b7bed6b6,train,WIN_20220507_21_29_23_Pro_jpg.rf.e13c363fe8c7168c968f06a3887fc9af.jpg,1,1,flame,1,keep,reviewer1_accepted,,
90d621a7b8cae094,91f4118338e3e8a0,train,WIN_20220507_21_29_24_Pro_jpg.rf.2dd15fcc778193f78ad5e11afeaf68e4.jpg,1,1,flame,1,keep,reviewer1_accepted,,
2941c95377a45655,f083afd8d9461076,train,WIN_20220507_23_10_20_Pro_jpg.rf.8d09a65ab02fe76efa76101e53733dda.jpg,1,1,flame,1,keep,reviewer1_accepted,,
b52d716db26d75ee,3f18d415e2ef8eb8,train,WIN_20220507_23_10_21_Pro_jpg.rf.0cf7453a92a8fecf604b1ea10734564f.jpg,1,1,flame,1,keep,reviewer1_accepted,,
b09663d45adc99de,3c88ac6f68ee778e,train,WIN_20220507_23_10_31_Pro_jpg.rf.322dbd9220b9b25f5c95aa088c742cb4.jpg,1,1,flame,1,keep,reviewer1_accepted,,
60bfea9710a39de8,422d9c878dfbb8b1,train,WIN_20220507_23_10_34_Pro_jpg.rf.484ca4566c37589c82c9c7a449e820cb.jpg,1,1,flame,1,keep,reviewer1_accepted,,
d0d09df039180589,d3ac05c7b32d186f,train,WIN_20220507_23_10_35_Pro_jpg.rf.cdd262502cd8fd54a5ee4bd101e7d517.jpg,1,1,flame,1,keep,reviewer1_accepted,,
fdda8a12fd758b40,22056c9af637c94b,train,WIN_20220507_23_10_43_Pro_jpg.rf.56d2d2d89f68eb76cd638667941fa0dc.jpg,1,1,flame,1,keep,reviewer1_accepted,,
5357318f414f79c9,b693ca1ce6969b7e,train,WIN_20220507_23_10_44_Pro_jpg.rf.0a9162d065d4fad24add139cdd132019.jpg,1,1,flame,1,keep,reviewer1_accepted,,
0ae8d44b2d73558e,c61e23feb7a7ff3d,train,WIN_20220507_23_10_45_Pro-2-_jpg.rf.29b6beca8877b6cede7fa79c0cd8184b.jpg,1,1,flame,1,keep,reviewer1_accepted,,
52e6539fb1261b20,d5aa696e9e417288,train,WIN_20220507_23_10_45_Pro_jpg.rf.517ffa112afbb470974c0ca65fa8245a.jpg,1,1,flame,1,keep,reviewer1_accepted,,
99223a2ca09842c4,7b1df98ce6ec49b9,train,WIN_20220507_23_10_47_Pro_jpg.rf.2efa9ca90ec26922aeb615b60e7e7d01.jpg,1,1,flame,1,keep,reviewer1_accepted,,
3e9d0b9aa0c8adc9,c6bfc09336198aeb,train,WIN_20220507_23_10_50_Pro_jpg.rf.39e5bc023074c805182bbb3509770856.jpg,1,1,flame,1,keep,reviewer1_accepted,,
b16e41c5d2fa3397,f4c2df89d8c607b3,train,WIN_20220507_23_10_51_Pro_jpg.rf.b8f1251e8bf2529d9cfe7db3de09335b.jpg,1,1,flame,1,keep,reviewer1_accepted,,
8a86dc01a58f5a4e,3631ddd36fa83f4a,train,d9d1ad77-d57e-4852-a8a9-7b538ee57b3d_JPG.rf.f863984c7d63539763ed92806c058e3a.jpg,1,1,flame,1,keep,reviewer1_accepted,,
82eb7ba2e238e803,84e442ec3890ce6e,train,download-1-_jpeg_jpg.rf.aaece9e0a9586f176aecd934deedc414.jpg,1,1,flame,1,keep,reviewer1_accepted,,
40d55920dd9749cc,66a7358c9f4d416a,train,download-4-_jpeg_jpg.rf.bcbd0a17654dfe5496fe01c4561053a5.jpg,1,1,flame,1,keep,reviewer1_accepted,,
16ec7661dc1c9e35,c6270e775e3b663c,train,download-5-_jpeg_jpg.rf.aae2a26def7016ecdc34dfc74206690f.jpg,1,1,flame,1,keep,reviewer1_accepted,,
7447f258ba89f8ca,e5d7200be698197e,train,download-6-_jpeg_jpg.rf.d8f59aeb7a2459dd657a5306470f5482.jpg,1,1,flame,1,keep,reviewer1_accepted,,
83643ac659d6422e,55363c64253cc254,train,download_jpeg_jpg.rf.190061cda60816902f86713e70ae9abb.jpg,1,1,flame,1,keep,reviewer1_accepted,,
62440e89cd904e86,662c30dc6d269dbe,train,imadaages_jpg.rf.545d4a183aab8934ff929b2c8301bef3.jpg,1,1,flame,1,keep,reviewer1_accepted,,
e9febe34f11ceb4a,21cc2ba9ae1823b5,train,imadadages_jpg.rf.96f2fe965bf9e0bd1e85e210b87fee33.jpg,1,1,flame,1,keep,reviewer1_accepted,,
cb58c8f1b31e4d29,24f682180ec3b24c,train,imaddgdes_jpg.rf.aa5edde9efa3edf9b5481eb65c115287.jpg,1,1,flame,1,keep,reviewer1_accepted,,
d4b2b0774ba3d489,e7a84db52a48e46b,train,imagddaes_jpg.rf.57fb937de9bba47dc64142ca3f69b8e5.jpg,1,1,flame,1,keep,reviewer1_accepted,,
067f76005b36a497,98318a4b1dfc5a7b,train,images-1-_jpeg_jpg.rf.9a4ae90711eacc4951e28a698f805e43.jpg,1,1,flame,1,keep,reviewer1_accepted,,
60aaa1ab9f21007d,ac1f42b0aaacbb2e,train,images-10-_jpeg_jpg.rf.46b2d2db81ea5c871e9453cc8d86e5d6.jpg,1,1,flame,1,keep,reviewer1_accepted,,
fdf99e04095c57de,e9aa2d54eda1f8ce,train,images-10-_jpg.rf.6bec5f0f83dfa8470dab5c7d5c8cbace.jpg,1,1,flame,1,keep,reviewer1_accepted,,
1507da087de527af,c236532e5ae44e69,train,images-100-_jpg.rf.5b7dd09ab93bf78adc84696a3005ee96.jpg,1,1,flame,1,keep,reviewer1_accepted,,
5244730c63ba5e61,acdeb4f58c2bba8c,train,images-101-_jpg.rf.3a11c0c3368e7ab17e09cb6837ce7086.jpg,1,1,flame,1,keep,reviewer1_accepted,,
700d3d363dc1db72,6a2d4ff71ed6d7ae,train,images-103-_jpg.rf.a708a6cbdd560edc4137eaacf00d767d.jpg,1,1,flame,1,keep,reviewer1_accepted,,
8d2e62c2d1e509b2,4a7ceff776f4507c,train,images-104-_jpg.rf.0c535baaaea2ce09d3653c9acdd94a8f.jpg,1,1,flame,1,keep,reviewer1_accepted,,
ba7d4d26720387d7,fe1e7d01f3e4bf1b,train,images-107-_jpg.rf.9bd0bfffe126249b0068d7d425906b05.jpg,1,1,flame,1,keep,reviewer1_accepted,,
954b19a7271dd735,7f1fe481eef9938a,train,images-108-_jpg.rf.292e0821b61fabaadb98c666ceebd197.jpg,1,1,flame,1,keep,reviewer1_accepted,,
da11598417b01d23,6c2dea8984c4fa57,train,images-109-_jpg.rf.1e2c300865daaac77f40c92708ec17a0.jpg,1,1,flame,1,keep,reviewer1_accepted,,
d712ace37717f3c4,12c9f978ab6c5507,train,images-11-_jpeg_jpg.rf.cca0db4117acbf33bce888320d23656b.jpg,1,1,flame,1,keep,reviewer1_accepted,,
2ed2a2af4674f385,42d53e9de62bc907,train,images-11-_jpg.rf.16cd403f0dd0c2dd0aac52fa9b3b7580.jpg,1,1,flame,1,keep,reviewer1_accepted,,
fd8c7044f8a8df81,442fb8da3e8404b2,train,images-12-_jpeg_jpg.rf.7081625f7a57a80f13d40df149b05a19.jpg,1,1,flame,1,keep,reviewer1_accepted,,
36a6bd580b6b2920,37d8cc15affc61a6,train,images-13-_jpeg_jpg.rf.8af6e5aeeecac76c0f783b469b8ad5b3.jpg,1,1,flame,1,keep,reviewer1_accepted,,
3779638d2cdfb185,a1842058e55a5c2e,train,images-13-_jpg.rf.3957cf69e50115a43fb4709cf3032592.jpg,1,1,flame,1,keep,reviewer1_accepted,,
257a67484e947d5f,e8c6a5b053b6a769,train,images-14-_jpeg_jpg.rf.20177f9d16d417ba75cf22fc63d35819.jpg,1,1,flame,1,keep,reviewer1_accepted,,
7b135dc41c1e8bdd,127639ab286869a1,train,images-15-_jpg.rf.1de3bba62dfa7f68666f68cfeff5ec9f.jpg,1,1,flame,1,keep,reviewer1_accepted,,
455007b958cab67f,3fd8dce4c8132398,train,images-16-_jpeg_jpg.rf.2ffa31233bf537ac1a2ee173d3f88bd0.jpg,1,1,flame,1,keep,reviewer1_accepted,,
31cc036557ea66f2,e979ec6342383f4f,train,images-16-_jpg.rf.4b88cfe7b624b5b869fce03e78e6d345.jpg,1,1,flame,1,keep,reviewer1_accepted,,
6d283bc8d8a149e9,7efa5d6a72da152c,train,images-17-_jpeg_jpg.rf.9b93f1ad7bc2c64f761f8ad267bd2c69.jpg,1,1,flame,1,keep,reviewer1_accepted,,
6ce46ff7e099becd,84c85edf57ab07aa,train,images-17-_jpg.rf.4ad1aca1ae0638f0a21ffbb08694b4c1.jpg,1,1,flame,1,keep,reviewer1_accepted,,
846383423bb98944,78ca989933c58f6e,train,images-18-_jpeg_jpg.rf.38fb2e2a0e02048754445e52488fc114.jpg,1,1,flame,1,keep,reviewer1_accepted,,
f47c1b9e116ad681,9f33a262bb229792,train,images-19-_jpeg_jpg.rf.86df415ef3ba00ccc88fd725247581e5.jpg,1,1,flame,1,keep,reviewer1_accepted,,
038f8578fbfd655f,d4f99bd4436860f6,train,images-19-_jpg.rf.bb68f36850dfbb520e5a643ab30e1596.jpg,1,1,flame,1,keep,reviewer1_accepted,,
779d2dfb3913e24b,ad05527691817fe2,train,images-2-_jpeg_jpg.rf.8d5baf8aade6a72cb89fecf4960a9dc8.jpg,1,1,flame,1,keep,reviewer1_accepted,,
a59748283b0a7db5,a69b80d321bec6ae,train,images-20-_jpeg_jpg.rf.b14af56a7bae13203b320aa7ac3747ce.jpg,1,1,flame,1,keep,reviewer1_accepted,,
a837188fbf3f4b7f,1da83bd9523cab90,train,images-20-_jpg.rf.71e17ff85225be48be6d70606e6b7370.jpg,1,1,flame,1,keep,reviewer1_accepted,,
10559cb7f18c080f,ff30a1dc80f27d58,train,images-2022-05-07T213519-098-1-_jpeg_jpg.rf.054410cb124a165c5ba8e93e5c8083f6.jpg,1,1,flame,1,keep,reviewer1_accepted,,
0ecf1fd47143baab,8fe31c270d3463f1,train,images-2022-05-07T213519-098-1-_jpg.rf.2c01703708b0f5ab0ec738c40cc70d2f.jpg,1,1,flame,1,keep,reviewer1_accepted,,
a05fcb60eb1a2f9a,64d9f62e1f2e91cb,train,images-2022-05-07T213519-098-2-_jpg.rf.963e090290cbbc8c5b4d86a6b0e4da94.jpg,1,1,flame,1,keep,reviewer1_accepted,,
0da3c814129cdacf,13801e8810ae33d7,train,images-2022-05-07T213519-098-4-_jpg.rf.8bd73b1c36dbe18b7abeb9636e06d2f6.jpg,1,1,flame,1,keep,reviewer1_accepted,,
20bea22979c9dd59,e3160798b347cd9c,train,images-2022-05-07T213519-098-9-_jpg.rf.5dd277f8e485ead65e3097e96b27d5b4.jpg,1,1,flame,1,keep,reviewer1_accepted,,
9818534d2c9e4d26,7981aebd0babc813,train,images-21-_jpeg_jpg.rf.9d567b0ddddd0b59e0515cccff306cf2.jpg,1,1,flame,1,keep,reviewer1_accepted,,
4e5426c838376f55,d561ba3efd5315b1,train,images-21-_jpg.rf.25aaeb8f4036a404939d4ad27a9218a9.jpg,1,1,flame,1,keep,reviewer1_accepted,,
8a84ab60227861d7,8a01ac7a062da6b6,train,images-22-_jpeg_jpg.rf.1d70c4d38333742acd4230a1f172e95e.jpg,1,1,flame,1,keep,reviewer1_accepted,,
d908116fd9978d32,17e0c2c6b7cc2c8b,train,images-22-_jpg.rf.788fddda5b6f788bc01d279e96aeb22e.jpg,1,1,flame,1,keep,reviewer1_accepted,,
fd6db09e7f388360,3976b3a14bf40966,train,images-23-_jpeg_jpg.rf.2e3fe5e5fdbf15e1a2606d532533957c.jpg,1,1,flame,1,keep,reviewer1_accepted,,
09c8d118d03c00f8,e1910058e33b30ab,train,images-23-_jpg.rf.1143f3a0d0d83aed9c9732078dc89523.jpg,1,1,flame,1,keep,reviewer1_accepted,,
92349b44d151fac4,a596a3e1f830d600,train,images-24-_jpg.rf.3ed1df2595f4224ee2b036ac8b002ace.jpg,1,1,flame,1,keep,reviewer1_accepted,,
e46df003b56d46d7,6aa1b61a6a90e856,train,images-25-_jpg.rf.0ec88ce16c5febedd0bc884a7d9addb7.jpg,1,1,flame,1,keep,reviewer1_accepted,,
be8b208526c59067,136ed716bd556a98,train,images-26-_jpg.rf.0d35d99134984d9c4f56684e04643c99.jpg,1,1,flame,1,keep,reviewer1_accepted,,
938d87c1f4269b39,f2667323dbf15062,train,images-27-_jpg.rf.3b3006c9f9809d2757fcd925f4b44227.jpg,1,1,flame,1,keep,reviewer1_accepted,,
66fc296b5b584fc1,df3c78d133a2da19,train,images-3-_jpeg_jpg.rf.7662418954dc68b14dc93265fbf1855d.jpg,1,1,flame,1,keep,reviewer1_accepted,,
a93ca5f0144532ea,daa36dd5ddf0c608,train,images-3-_jpg.rf.77355c753c98a9d9741715b8f16671b3.jpg,1,1,flame,1,keep,reviewer1_accepted,,
ec3c00434a3b794c,3c42f30dabf8886b,train,images-31-_jpg.rf.1431f8fb879fd85a2c368d6cfad238bc.jpg,1,1,flame,1,keep,reviewer1_accepted,,
3910f540bdba7cce,84e761549f3f0a2f,train,images-33-_jpg.rf.89567ed90618694aef3461fb12f4a7ff.jpg,1,1,flame,1,keep,reviewer1_accepted,,
411cf41240c990bd,97d1a5c91305b8eb,train,images-34-_jpg.rf.115cc2c124e641cff34732872f9e526c.jpg,1,1,flame,1,keep,reviewer1_accepted,,
9c0157aa06da1a56,489a19ed96ccd9af,train,images-36-_jpg.rf.24249aa509f6d08a118bdabd1bcc93d4.jpg,1,1,flame,1,keep,reviewer1_accepted,,
e2834cd59a0112ed,98851b5b19780a00,train,images-39-_jpg.rf.a25a43c7e5fc19f5c1502d8b7a2096b8.jpg,1,1,flame,1,keep,reviewer1_accepted,,
a046da12ac6f06a1,13d5e0ce0205a7a1,train,images-4-_jpeg_jpg.rf.870eecfa0ae332ecea2e32768bf0be2c.jpg,1,1,flame,1,keep,reviewer1_accepted,,
86ca522a9c2bb170,50986d90cbdef7f9,train,images-4-_jpg.rf.07b0371d5050246023c116f41ae97dd6.jpg,1,1,flame,1,keep,reviewer1_accepted,,
ce880b54a811c0b5,f095a39ed7693b8f,train,images-40-_jpg.rf.230312f36559ec4df867fdd2ccafad74.jpg,1,1,flame,1,keep,reviewer1_accepted,,
33804091f57591de,d8900d1fe540ed9a,train,images-41-_jpg.rf.ad9a4959ab0f036ba497b052e5c61723.jpg,1,1,flame,1,keep,reviewer1_accepted,,
78ae2086262f9808,a3b370d194dfb5e0,train,images-42-_jpg.rf.2a9a968ad733f718def73c2a211a00ef.jpg,1,1,invalid,,drop,adjudicated,两人一起,cigarette+flame+smoke
06db899a2d95d917,b580aace9f19bb35,train,images-43-_jpg.rf.079305667cb47a48ab4979f8820d0f2b.jpg,1,1,flame,1,keep,reviewer1_accepted,,
5369d2244185e7ec,c8bc4ae850f3493f,train,images-44-_jpg.rf.04c94a22b89c1cdbdebcef6fbe41edac.jpg,1,1,flame,1,keep,reviewer1_accepted,,
c2a2b6279901f5c1,eaf3761dc8249d42,train,images-45-_jpg.rf.0bf397f55bac2405783b4319a6019f30.jpg,1,1,flame,1,keep,reviewer1_accepted,,
0b72979b24d01bac,c04c0c0a30602be0,train,images-46-_jpg.rf.0dbc740226bbd1f26e555bf66a2e8880.jpg,1,1,flame,1,keep,reviewer1_accepted,,
7578bc5706e4075b,c04c0c0a30602be0,train,images-46-_jpg.rf.0dbc740226bbd1f26e555bf66a2e8880.jpg,2,1,flame,1,keep,reviewer1_accepted,,
a013b37772db32f4,77b7c5a3de5ffe39,train,images-48-_jpg.rf.f288abf3e3d5ca3a6d43e1d2e453ea6b.jpg,1,1,flame,1,keep,reviewer1_accepted,,
2d6f5a4337cb60fa,1a3963feafa1f5eb,train,images-49-_jpg.rf.68e3839c71da024ac2c251a92c39e839.jpg,1,1,flame,1,keep,reviewer1_accepted,,
3e677b01d096c3e7,9a09dee8cbf27d2b,train,images-5-_jpeg_jpg.rf.b4b67e99c7fe36aa0d894508892fda42.jpg,1,1,flame,1,keep,reviewer1_accepted,,
ea253753280843ca,b02a45f1896ecb36,train,images-51-_jpg.rf.25e5dd32e628c6ca35792751793caf89.jpg,1,1,flame,1,keep,reviewer1_accepted,,
0846eab73ded78ef,5bd5c72029a31cd5,train,images-53-_jpg.rf.66069a67d5ea002c9881e381f2f18b59.jpg,1,1,flame,1,keep,reviewer1_accepted,,
50292e040b5942a6,f0dd986b2586bcc5,train,images-54-_jpg.rf.59a7a3f2215711146c0ef1fd57350178.jpg,1,1,flame,1,keep,reviewer1_accepted,,
be879e0bf102314c,d96583c7e7d04497,train,images-55-_jpg.rf.499b1a3d79a83235d2e07c551dfd27c0.jpg,1,1,flame,1,keep,reviewer1_accepted,,
f65e174f3fabf7c4,a708e1c017b7d6a7,train,images-57-_jpg.rf.0c30055e281a1e45ef50da6105b3b384.jpg,1,1,flame,1,keep,reviewer1_accepted,,
2f2d5597aaa66927,e8d9833cefaeb158,train,images-58-_jpg.rf.070fbc4728109a63126926924bf56a57.jpg,1,1,flame,1,keep,reviewer1_accepted,,
fbbd8d52881d1ad3,6f1215e2ad029627,train,images-59-_jpg.rf.9d9edee1f120690ef197e1fb2d8c64cd.jpg,1,1,flame,1,keep,reviewer1_accepted,,
f86dba878f37013b,2e52f5a7ffd61e34,train,images-6-_jpeg_jpg.rf.5a8f75b9c26790ea2668cfe2b6a04740.jpg,1,1,flame,1,keep,reviewer1_accepted,,
9e3d5c9b2701ef11,a326e2eefd2abb35,train,images-61-_jpg.rf.3c24827f499708c9b3ff4a6407013e69.jpg,1,1,flame,1,keep,reviewer1_accepted,,
b2cced8ff261bbde,0866dfe15299b880,train,images-62-_jpg.rf.b53253656bfde1ba827e3444f947da55.jpg,1,1,flame,1,keep,reviewer1_accepted,,
cadfae5069ce634c,ff72a9b2739e398c,train,images-63-_jpg.rf.15465e8813a22f384c236ec2de02ad3b.jpg,1,1,flame,1,keep,reviewer1_accepted,,
deada968c2eefbb5,09a54b3ae8603368,train,images-64-_jpg.rf.4ae6667d1c942e7e620d10838c2080d4.jpg,1,1,flame,1,keep,reviewer1_accepted,,
001724c1e50ff1b3,26960ebde3f07477,train,images-65-_jpg.rf.05d1d4f677348fe97f1d9a08363f9bab.jpg,1,1,flame,1,keep,reviewer1_accepted,,
8dd3c677372558a7,12eec3c279a29ed7,train,images-67-_jpg.rf.09dbe19be8543a50ddfda1eda96a21e3.jpg,1,1,flame,1,keep,reviewer1_accepted,,
2915c71ac010bb76,5b9c7dd678fc04aa,train,images-70-_jpg.rf.10bc73bd79cbdb2e29abb0c244cb909e.jpg,1,1,flame,1,keep,reviewer1_accepted,,
0a3572211f9df32a,1135f367af51b074,train,images-71-_jpg.rf.58e458bd89beb7fce2c6a29f4b14fdd9.jpg,1,1,flame,1,keep,reviewer1_accepted,,
cea807b29f86628d,9771d9282ed81734,train,images-74-_jpg.rf.4fe761de0366e46f516dcbbd3c8230b3.jpg,1,1,flame,1,keep,reviewer1_accepted,,
8322f9c867b34084,4bbe2b6a90c08433,train,images-78-_jpg.rf.035b205b1f5ad7c17e72f1f26328cb4d.jpg,1,1,flame,1,keep,reviewer1_accepted,,
38fc0f71282a7dba,6ec9675a0875f4e4,train,images-79-_jpg.rf.3ba499c5640fba280fb4e069ed5e2e82.jpg,1,1,flame,1,keep,reviewer1_accepted,,
97f6b9ee257a1f09,6ec9675a0875f4e4,train,images-79-_jpg.rf.3ba499c5640fba280fb4e069ed5e2e82.jpg,2,1,flame,1,keep,reviewer1_accepted,,
4824fcfb99760fba,a20afe4da7847133,train,images-8-_jpg.rf.3a17263d1b0c8d8a2bedacd83fed0ece.jpg,1,1,flame,1,keep,reviewer1_accepted,,
1276a7b6ecf2f01b,1de43159796dd97b,train,images-80-_jpg.rf.0d81f9c199124d17b0aceb830a54e466.jpg,1,1,flame,1,keep,reviewer1_accepted,,
12d17be003481ecf,beda1ef68581c89b,train,images-82-_jpg.rf.0c77f0ceb0254d1e1dc3994618a84fef.jpg,1,1,flame,1,keep,reviewer1_accepted,,
b7bad0a904ad9954,64e21e743ad2b553,train,images-83-_jpg.rf.782aecbc2156ff5ac0268db70cf451ef.jpg,1,1,flame,1,keep,reviewer1_accepted,,
ab60240860f107d5,4b5ee843ccd97fc0,train,images-84-_jpg.rf.4e91f28384fcf208191a5957345eca87.jpg,1,1,flame,1,keep,reviewer1_accepted,,
f887c06a1f305c25,ae57b18928ae5fdb,train,images-85-_jpg.rf.6d60be7b06ccd37905459efcc73d516f.jpg,1,1,flame,1,keep,reviewer1_accepted,,
625eb55dfea249b6,9a8a8d1df8003319,train,images-88-_jpg.rf.7a98c5da02563f1a07a096f5c91691ce.jpg,1,1,flame,1,keep,reviewer1_accepted,,
84701baf7667e3c3,a3654c40d770d6a6,train,images-89-_jpg.rf.733d861c58222f1a2445447db437fb09.jpg,1,1,flame,1,keep,reviewer1_accepted,,
b54541677d283974,bace076b35c66b67,train,images-9-_jpeg_jpg.rf.6157e3e81b3f8ffa90feee8016592cf7.jpg,1,1,flame,1,keep,reviewer1_accepted,,
0f7c7d2f37318296,ed136786896f7de3,train,images-90-_jpg.rf.297e4c695f28480a50330dd0c4b843a0.jpg,1,1,flame,1,keep,reviewer1_accepted,,
399b5a1b9e2c3072,de5ead70488efc9a,train,images-91-_jpg.rf.e5aca9a7141d78dde1d0149a34776168.jpg,1,1,flame,1,keep,reviewer1_accepted,,
666b2671134cedf1,744d108a82442aab,train,images-93-_jpg.rf.76fb5827de3f388b3bd26c7d67897788.jpg,1,1,flame,1,keep,reviewer1_accepted,,
1e0ac0e8b4cdd0d8,4af301ba0f646886,train,images-95-_jpg.rf.3f20d55ae2cf3129f7934e4d562cf08e.jpg,1,1,flame,1,keep,reviewer1_accepted,,
7e4f2d4ea9d34868,8a6204c88f72a181,train,images-97-_jpg.rf.49c334d302e1eb1dc89c2b5f07136912.jpg,1,1,flame,1,keep,reviewer1_accepted,,
51344ea3c0e40f25,d349bae40d14a702,train,images-98-_jpg.rf.07121a899b4df9283a27e817c15fa77c.jpg,1,1,flame,1,keep,reviewer1_accepted,,
4a7a4e89871cda17,7b516f8017cc255e,train,images-99-_jpg.rf.f075319b33c7e4f086b573de23ad1a26.jpg,1,1,flame,1,keep,reviewer1_accepted,,
52be8271672c7bf0,76bc2b56067bba53,train,images_jpeg_jpg.rf.4ccc83f0668c0ba0da5089f67c292f4b.jpg,1,1,flame,1,keep,reviewer1_accepted,,
25508375504fe46e,becdb83b4ffd3ee6,train,inddir_jpg.rf.7940f204bc7a6a09121d5549b726dd1c.jpg,1,1,flame,1,keep,reviewer1_accepted,,
17e80ff4565a7741,5dee7f0167e04f16,train,indidr_jpg.rf.166b0e28902abf828b678d8557ddba19.jpg,1,1,flame,1,keep,reviewer1_accepted,,
55b8790e1f9f73ca,dc7e6081f51a8a39,train,indir-11-_jpg.rf.186358922c53e23a260396de6d43692f.jpg,1,1,flame,1,keep,reviewer1_accepted,,
d979f74213a2ab31,5504e0356ea4b05e,train,indir-13-_jpg.rf.0a05c7491f39a75a1f8d8fcdd9dad1e7.jpg,1,1,flame,1,keep,reviewer1_accepted,,
f11998db3b10ab1d,c1a9d42c9989c121,train,indir-15-_jpg.rf.1e286310f8f76a2e66df3c09e520f866.jpg,1,1,flame,1,keep,reviewer1_accepted,,
9ffd908b379b190b,1ca1c984441adc74,train,indir-16-_jpg.rf.44677051f00e0a8c006198d9e5c27dd1.jpg,1,1,flame,1,keep,reviewer1_accepted,,
82bb50af4fe4f0b9,3ec90be769757898,train,indir-18-_jpg.rf.1656806196ef5425e92db8f024c8305b.jpg,1,1,flame,1,keep,reviewer1_accepted,,
fa6042711485d9e6,51c64150d18206f7,train,indir-19-_jpg.rf.bca105da2f090ee70db71a6ca662b256.jpg,1,1,flame,1,keep,reviewer1_accepted,,
d94dd5ab75687636,e8a3782cd5904d9e,train,indir-20-_jpg.rf.71db184ab290505a0c67b2135497940e.jpg,1,1,flame,1,keep,reviewer1_accepted,,
656bf203c308d67a,9b8da148e2aa4830,train,indir-21-_jpg.rf.0ca99a339213fbe7d840389e160a7d7d.jpg,1,1,flame,1,keep,reviewer1_accepted,,
7187f350bf555044,2ae6be409c613c19,train,indir-6-_jpg.rf.0fe04299d238e1c7ac24987c0d06dfd7.jpg,1,1,flame,1,keep,reviewer1_accepted,,
738fcc6f96311b5c,2d14ac41c527a745,train,indir-7-_jpg.rf.bcd7666cd2eeef9ea71749f10f8f5256.jpg,1,1,flame,1,keep,reviewer1_accepted,,
7160fc705b180f6f,5ccb6e1ea30aab0c,train,indir-9-_jpg.rf.06402366538c09619332aee949c0bf85.jpg,1,1,flame,1,keep,reviewer1_accepted,,
f3a014bed6fb1e54,becdb0042f2b9d18,train,lighter-1812864__340_jpg.rf.29df4b1ac7b3b1da489aef860ffba577.jpg,1,1,flame,1,keep,reviewer1_accepted,,
8d64a031b36e468f,bff0bf721a6689b8,train,lighter-3877433__340_jpg.rf.c0ee6d75fb9d4b96c8e5d5015bc26b22.jpg,1,1,flame,1,keep,reviewer1_accepted,,
9596ea55044f46cc,fb9026922671d157,train,lighter-6526078__340_jpg.rf.7d2e6125df80da15c9d9c3f8864e8aaa.jpg,1,1,flame,1,keep,reviewer1_accepted,,
2d3eb552962cc18f,b58a24b0cf0945d2,train,lighter-6526557__340_jpg.rf.71d86b971c289af9f1833cde1834a296.jpg,1,1,flame,1,keep,reviewer1_accepted,,
86bb832f0fea9e23,69f8f191974cf08a,train,match-218451__340_jpg.rf.de4ec217de401a95f7dbc3e50f9b8dc6.jpg,1,1,flame,1,keep,reviewer1_accepted,,
649763aaebee67f5,fdb338395370690b,train,pexels-photo-1668222_jpg.rf.bcc520bab8328f7455472d6ec3c42529.jpg,1,1,flame,1,keep,reviewer1_accepted,,
ece3be8d81bb2f02,27e40f5e70c4275a,train,pexels-photo-3842462_jpeg_jpg.rf.44bf33dd2f5668fdc8690dbcdf5ae5a8.jpg,1,1,flame,1,keep,reviewer1_accepted,,
56c1e01ec0be4255,8d2e8e83a1d35de2,train,pexels-photo-5506873_jpeg_jpg.rf.2c1c1a8b31b7011ba1b83ca5c52f05a2.jpg,1,1,flame,1,keep,reviewer1_accepted,,
372578b7b7375def,6e3dbbafc7573ef8,train,pexels-photo-5657966_jpeg_jpg.rf.3587b2c024b172b5c163785f3368726f.jpg,1,1,flame,1,keep,reviewer1_accepted,,
e32d37eb27b4d996,efeb52511e3f34b3,train,pexels-photo-6204756_jpeg_jpg.rf.a4d2f622165ebe690de6bb52d8c1c280.jpg,1,1,flame,1,keep,reviewer1_accepted,,
03d187f95d855f3d,8e7ac16fbee2784d,train,pexels-photo-6204761_jpeg_jpg.rf.af18dde9a051a22e8f070e84368371bf.jpg,1,1,flame,1,keep,reviewer1_accepted,,
87ce7879852e9967,9d0be3d661f5e3ff,train,pexels-photo-7033805_jpeg_jpg.rf.3dbb1514df87f7b4a76a1fd00b4b7cbb.jpg,1,1,flame,1,keep,reviewer1_accepted,,
a995453a3d32ab46,8810f63762288f8b,train,small-11-_jpg.rf.1d5c154bc50574998ff5d8a022998f8c.jpg,1,1,flame,1,keep,reviewer1_accepted,,
b8ba8116570685cf,5278c79684eac7b2,train,small-110-_jpg.rf.655a71b0a37ea83658c450cb77b7ea72.jpg,1,1,flame,1,keep,reviewer1_accepted,,
f034c71f6472ab72,e5fe69084ea0734e,train,small-111-_jpg.rf.77f5040df10fee651ac6c11c833f93a3.jpg,1,1,flame,1,keep,reviewer1_accepted,,
fb4afe9361b41e4d,be732b071aa936b7,train,small-123-_jpg.rf.be2b532efacfcba57063e9142abd4fd7.jpg,1,1,flame,1,keep,reviewer1_accepted,,
b1d59819b40190ca,f208d06ca46ef0a3,train,small-124-_jpg.rf.0a48a5909bc95745300cec0cc4a73769.jpg,1,1,flame,1,keep,reviewer1_accepted,,
e3d327e1b41b35bf,c2120e75766e4701,train,small-125-_jpg.rf.9b2d09bf332b6d3c45d9611481523ba9.jpg,1,1,flame,1,keep,reviewer1_accepted,,
f38b831bff997c0d,93a0790fc1e07027,train,small-13-_jpg.rf.b98f2495e6c3725df861393546d3cb52.jpg,1,1,flame,1,keep,reviewer1_accepted,,
f5c7cc1f8abe59f6,a28987312480f272,train,small-137-_jpg.rf.70631652b7b40765277fc12a4d5c5366.jpg,1,1,flame,1,keep,reviewer1_accepted,,
cf9ea5a3dfbe3274,8dcbf0b589e81d4b,train,small-23-_jpg.rf.426aad6623dc47130946c72907dfdae7.jpg,1,1,flame,1,keep,reviewer1_accepted,,
f443d8de246dd5ed,9130bba398bd7140,train,small-26-_jpg.rf.00f395d7ab3b22e4b5eeac0705c3df45.jpg,1,1,flame,1,keep,reviewer1_accepted,,
c294c1188927e073,b7abb6f22dead06c,train,small-62-_jpg.rf.4370821b1dbd06b8aba1bb23b1521c43.jpg,1,1,flame,1,keep,reviewer1_accepted,,
4f6183987572e0be,800c920ef6d3e075,train,small-79-_jpg.rf.2f14681894e30fc007982f5c0ced58dd.jpg,1,1,flame,1,keep,reviewer1_accepted,,
d207eafd8bbdaf6b,f77c976c29696a7e,train,small-87-_jpg.rf.00c13c83a10b7b23566b958e11d51ce8.jpg,1,1,flame,1,keep,reviewer1_accepted,,
944e8f238ea51579,15a5764908e809be,train,smoking_0011_jpg.rf.7cc9861f36ac76eff6b64127b8dd58b3.jpg,1,1,smoking_action,,drop,reviewer1_accepted,,
8edc2ff1b34e3bb4,d35f43fcac712023,train,smoking_0015_jpg.rf.7fbe88c899b25cff4487e09779dedc6e.jpg,1,1,smoking_action,,drop,reviewer1_accepted,,
e9fa272f7fc616d0,c67514272629716d,train,smoking_0019_jpg.rf.461e94a1cc1d86d682fb678858b551d4.jpg,1,1,cigarette,0,relabel,reviewer1_accepted,,
7adaf598cc797259,27b9e716c2d428ec,train,smoking_0029_jpg.rf.9b5e027bb8111c4a304dab3ae04563f5.jpg,1,1,cigarette,0,relabel,reviewer1_accepted,,
a492c7b2c445bd65,522afef4095b8f21,train,smoking_0045_jpg.rf.027217b5268104a9728755666aa726f8.jpg,1,1,cigarette,0,relabel,reviewer1_accepted,,
c1c466528949ea00,6c8ec54a6ec6dd90,train,smoking_0056_jpg.rf.0b415cce39184a1b98dc4dc84604b65a.jpg,1,1,smoking_action,,drop,adjudicated,两人一起,符合 smokingaction
e33bbe6873d2ffbc,5dcadcf9c531b462,train,smoking_0065_jpg.rf.18bc1ac2a27bc04cb868aeac5ba46996.jpg,1,1,cigarette,0,relabel,reviewer1_accepted,,
9c59833cc7f81918,7a19b6c2c1b0cadc,train,smoking_0077_jpg.rf.ebbc2e0a8e8345f9ecf725f869a23e55.jpg,1,1,cigarette,0,relabel,reviewer1_accepted,,
98c1276aefde25c4,829f5c04b8093801,train,smoking_0084_jpg.rf.e03c1bcf55eda2465f2f29f181d8562b.jpg,1,1,cigarette,0,relabel,reviewer1_accepted,,
63e7c6550ac35830,9541fe694386a1f2,train,smoking_0088_jpg.rf.c12360cdd75c15fb3138d14ba3607141.jpg,1,1,cigarette,0,relabel,reviewer1_accepted,,
71937495e190e230,4fd6699ad3540701,train,smoking_0097_jpg.rf.4aaf53df0c8401b5db30d48b2dae59da.jpg,1,1,invalid,,drop,adjudicated,两人一起,cigarette+flame
542faa9941650041,c37f2987541c7efd,train,smoking_0103_jpg.rf.7f2fd501fd9c11fa5e98b65321b5a0b9.jpg,1,1,cigarette,0,relabel,reviewer1_accepted,,
1f0638bcc3fa16c7,5a7f1fc52c6b99a5,train,smoking_0120_jpg.rf.8be41dc9f4d9118519d24558435e9001.jpg,1,1,cigarette,0,relabel,reviewer1_accepted,,
f4bd2b2e27a25876,65263df83777d427,train,smoking_0133_jpg.rf.99e34e3b442b1b483bc35d2f023e278d.jpg,1,1,cigarette,0,relabel,reviewer1_accepted,,
6aea0c5306bb4275,304f76a44609fb6e,train,smoking_0160_jpg.rf.4bfee67e37ba770212390eee70d7ce22.jpg,1,1,cigarette,0,relabel,reviewer1_accepted,,
c584f11ce0eed8b7,3907a01d284a3d94,train,smoking_0176_jpg.rf.a878f0e9769f873446f3333e3d919da3.jpg,1,1,cigarette,0,relabel,reviewer1_accepted,,
041ea834bd612c9f,46b40f37ebb2a297,train,smoking_0180_jpg.rf.988811337b89e27fde79bce5ea89fef7.jpg,1,1,cigarette,0,relabel,reviewer1_accepted,,
b0ebf0a99690444b,d4cefa98148be8b9,train,smoking_0186_jpg.rf.2f0179f5465c1cecdb06344071351d5b.jpg,1,1,cigarette,0,relabel,reviewer1_accepted,,
6e0fc103b8d52dc1,fec412f5bbf81f19,train,smoking_0203_jpg.rf.8f505ab8bc8c24a549ce2f1888120602.jpg,1,1,cigarette,0,relabel,reviewer1_accepted,,
c128ccd9267cb6c7,6bb75e0ca1a0a944,train,smoking_0210_jpg.rf.a7102be8faadbe20d52fa34b333260d9.jpg,1,1,cigarette,0,relabel,reviewer1_accepted,,
19b8a6c9993e86f7,9d36043915253dc3,train,smoking_0223_jpg.rf.72bd2c5b33a8a8538f666725e89b456d.jpg,1,1,cigarette,0,relabel,reviewer1_accepted,,
e4c2f9d807e31dc9,bc05c3734cc32d54,train,smoking_0229_jpg.rf.71748ad2cde5e080b81e8e24ae78c08e.jpg,1,1,cigarette,0,relabel,adjudicated,两人一起,符合 cigarette
b515c3eef26b259c,d25e8630d66c05cf,train,smoking_0234_jpg.rf.56abc57f312b4af61eb213517ca91f08.jpg,1,1,cigarette,0,relabel,reviewer1_accepted,,
f535d85fefd19a23,906c568fcce2221b,train,smoking_0255_jpg.rf.1d6bb7bb07d1fea5b8d077af27b61777.jpg,1,1,cigarette,0,relabel,reviewer1_accepted,,
5d1c2e9ccc0d4afd,88bd24b8c9e74dd8,train,smoking_0260_jpg.rf.2d2de99e23bdc52318cb4c7dad97c7a9.jpg,1,1,smoking_action,,drop,reviewer1_accepted,,
6af9469e3c4b109e,8b05dea93d136532,train,smoking_0271_jpg.rf.ff75c322cbd5204f26553705152d9148.jpg,1,1,cigarette,0,relabel,reviewer1_accepted,,
1f560340a47af5ce,d351e753a7d4e42f,train,smoking_0272_jpg.rf.aee54365270ca78f5cb68c9145fca4d2.jpg,1,1,cigarette,0,relabel,reviewer1_accepted,,
2c7c25439fdf6c92,fa020256779c9854,train,smoking_0289_jpg.rf.f220cbcff2c982d731bc99cdc4c748d3.jpg,1,1,cigarette,0,relabel,reviewer1_accepted,,
cbbb87a8e40caea5,27e831b505e0a62c,train,smoking_0294_jpg.rf.a2e29ede0d574d3381a01774bf80124f.jpg,1,1,cigarette,0,relabel,reviewer1_accepted,,
4f8f57f7aa37b3fc,83a7b25f3552f324,train,smoking_0298_jpg.rf.6434f4766f6b735ec3afb97754ad9f51.jpg,1,1,cigarette,0,relabel,reviewer1_accepted,,
dc9693c17a9bb47a,cd5a52471a6f3e1b,train,smoking_0299_jpg.rf.057bd1b0ddfcd26361320ce68579b6da.jpg,1,1,cigarette,0,relabel,reviewer1_accepted,,
8c10921fa1dca6ae,040bfcdfc91d5aeb,train,smoking_0318_jpg.rf.e7cfbfa67eeb6670e28420919d755088.jpg,1,1,smoking_action,,drop,reviewer1_accepted,,
99a4e1ef72357222,2efe38fd51f0e737,train,smoking_0346_jpg.rf.87b87b03cc1cdd3eaae296dbb616c396.jpg,1,1,smoking_action,,drop,reviewer1_accepted,,
3c7b19228d448a8f,0f7531de3c13e90d,train,smoking_0350_jpg.rf.9c07549e39056339eb774abdf7b08406.jpg,1,1,cigarette,0,relabel,reviewer1_accepted,,
032730ca20faa9da,1fa37a01c832e4a0,train,smoking_0352_jpg.rf.acec7a46db203dd8c97f51a9cf65ed4b.jpg,1,1,cigarette,0,relabel,reviewer1_accepted,,
fb2db147abad21c9,2983f88a96e9e466,train,smoking_0356_jpg.rf.9247125aa3a5eb1b7730bfe86b8a2895.jpg,1,1,cigarette,0,relabel,reviewer1_accepted,,
bc8b87b6c3a8f48b,5bfd50b302ee8403,train,smoking_0381_jpg.rf.29ed41f9f55479856d74b71910efb633.jpg,1,1,cigarette,0,relabel,reviewer1_accepted,,
2e0559b160c43fdf,b4aa09f4e4f98eb6,train,smoking_0383_jpg.rf.52a0b8c8006f2d32e922252e5142f066.jpg,1,1,cigarette,0,relabel,reviewer1_accepted,,
73bc47e44d012f14,bdfa52d2f77255f2,train,smoking_0384_jpg.rf.584ea5732cba817b3f1841818d1b161c.jpg,1,1,cigarette,0,relabel,reviewer1_accepted,,
3815e8808aed35ba,4e60c5a72864a161,train,smoking_0399_jpg.rf.74400a9f195e8f866f54d4fd9bd05ddf.jpg,1,1,cigarette,0,relabel,reviewer1_accepted,,
eb9276ce2cc43339,cbcda7a521ebee72,train,smoking_0423_jpg.rf.e2cd0b92e05d10db4dc15a500646ed7f.jpg,1,1,cigarette,0,relabel,reviewer1_accepted,,
b0de17634fa8660f,63d86e7ad1ca2551,train,smoking_0443_jpg.rf.3f35da111452989dceb70e0a5dea6c4e.jpg,1,1,cigarette,0,relabel,reviewer1_accepted,,
f6380cccd5713058,1cd6df6e4141af93,train,smoking_0457_jpg.rf.74d356556d523a482dae89270b7e84da.jpg,1,1,cigarette,0,relabel,reviewer1_accepted,,
04a218507b8d24e8,b1db878928177d5c,train,smoking_0474_jpg.rf.8ed18e5baf524b5795b28c74943b3c09.jpg,1,1,cigarette,0,relabel,reviewer1_accepted,,
3cda9063572ea9b1,24d3de829cec3633,train,smoking_0475_jpg.rf.a63ccbeedfe5e69c03c0c5a109f4e2e5.jpg,1,1,cigarette,0,relabel,reviewer1_accepted,,
9d7e9a2e81a4c022,88032856c2ad3e6c,train,smoking_0499_jpg.rf.b64bf19a431d7f051f651443b7cdbb30.jpg,1,1,cigarette,0,relabel,reviewer1_accepted,,
36ce18ef2dd7cd43,74a7f0d231d758e9,train,smoking_0515_jpg.rf.f8cb5281115d1b7195448d7d11cc8605.jpg,1,1,cigarette,0,relabel,reviewer1_accepted,,
6474916ab3a6d7be,20948a5cf385cc31,train,smoking_0518_jpg.rf.b684f87ff862a64e6875fa705ef1c6a1.jpg,1,1,cigarette,0,relabel,reviewer1_accepted,,
351e30e72fd2b358,19680b2dd158f28b,train,smoking_0553_jpg.rf.fab24d6b725f82f2de7d9f07ca5fe450.jpg,1,1,cigarette,0,relabel,reviewer1_accepted,,
96f7b1198c7516c0,e6d8418076169dfe,train,smoking_0558_jpg.rf.c37bf1ad31a97f5b871ac6a6e06738aa.jpg,1,1,cigarette,0,relabel,reviewer1_accepted,,
b3fd1d11d358beab,e4cc3b1037ea2071,train,smoking_0569_jpg.rf.5f5b3fd8dd7d6241b3f5d523333fbfbd.jpg,1,1,cigarette,0,relabel,reviewer1_accepted,,
87e45c69fdc8c7bf,4e5de1564143b1ff,train,smoking_0582_jpg.rf.e65de35320ca5e65eb5a04f1c20eaf50.jpg,1,1,cigarette,0,relabel,reviewer1_accepted,,
d03bbbce1581de28,ed53c003096a967c,train,smoking_0588_jpg.rf.42638c9e854ae70328d2ec3f09599b28.jpg,1,1,cigarette,0,relabel,reviewer1_accepted,,
c8f39ecfc35c3d8c,06ad5077816ddd72,train,smoking_0590_jpg.rf.6a38b5eab3ab2e3a006a11d0c5dc95f9.jpg,1,1,smoking_action,,drop,reviewer1_accepted,,
a9d9118d55c98381,d34db6e42e91fd12,train,smoking_0599_jpg.rf.c4b0b4c27268ba56f41420fdb4abc693.jpg,1,1,smoking_action,,drop,reviewer1_accepted,,
ec1bb6f63fc7a9c0,5106111b8d9175a5,train,smoking_0602_jpg.rf.603087cffb189e41e24c577646c5f4c3.jpg,1,1,cigarette,0,relabel,reviewer1_accepted,,
8c08cf0549b7abe5,26716d10a27af55a,train,smoking_0654_jpg.rf.85e7900c9506c4d8680baf9a2f88a796.jpg,1,1,cigarette,0,relabel,reviewer1_accepted,,
5d6c54f3a3ee8ec8,9d1e18b8f9254b0a,train,smoking_0671_jpg.rf.4b35bbdf3881ca9f4b82a169932b341c.jpg,1,1,cigarette,0,relabel,reviewer1_accepted,,
26b0cb17460a5df5,c36d882a0060d739,train,smoking_0698_jpg.rf.6c2a5efa76a86a21ef428b58556007fe.jpg,1,1,cigarette,0,relabel,reviewer1_accepted,,
fce7cdf5eeaff997,b3faacb2e77b3569,train,smoking_0712_jpg.rf.ee0b758dae4fcd68fa759d54b4e8f693.jpg,1,1,cigarette,0,relabel,reviewer1_accepted,,
1b8097245208263c,a933e09449d04d62,train,smoking_0714_jpg.rf.9396058848b9dd0825da6fb2d34be4eb.jpg,1,1,cigarette,0,relabel,reviewer1_accepted,,
7135f912e97d3df1,77f2fe1bc4491460,train,smoking_0720_jpg.rf.3933f252d96f320198d26f73c77d5a6d.jpg,1,1,cigarette,0,relabel,reviewer1_accepted,,
2a5a2f1c2b43e4ad,e6d27b34aefcb139,train,smoking_0722_jpg.rf.71f08bcc261608e54fb2ede053dac536.jpg,1,1,cigarette,0,relabel,reviewer1_accepted,,
c894c3287dc981b5,f08be8f5081bc088,train,smoking_0732_jpg.rf.d157a504efe00f368ca78607f89daff1.jpg,1,1,cigarette,0,relabel,reviewer1_accepted,,
09a6ba4d1c113a80,beda0df803be1a44,train,smoking_0735_jpg.rf.c604b46eca044f85b6effe04b188f449.jpg,1,1,cigarette,0,relabel,reviewer1_accepted,,
58bd2073926e0f79,29baecb1604b87ed,train,smoking_0744_jpg.rf.514a9f7010b12d6edc6a1309f26a5da2.jpg,1,1,cigarette,0,relabel,reviewer1_accepted,,
76a2e80c307b5355,9985350cf32c8eae,train,smoking_0749_jpg.rf.42c3b7bbbfb86ccdb71e5ee066ea8f0e.jpg,1,1,cigarette,0,relabel,reviewer1_accepted,,
969fa0ef5ba41cf0,8d9bc6a0306d43de,train,smoking_0757_jpg.rf.9046d81d86ec60e5024de0cf311f771c.jpg,1,1,cigarette,0,relabel,reviewer1_accepted,,
54c47aa8c2e355ba,6f65509e2b2d8afb,train,smoking_0760_jpg.rf.50cf52a3ddc87d496f868489991332ec.jpg,1,1,smoking_action,,drop,reviewer1_accepted,,
352cb48abc711539,978fdb7c41c684a3,train,smoking_0765_jpg.rf.8429a9ad87e62e6e4d779b285bcbcd77.jpg,1,1,cigarette,0,relabel,reviewer1_accepted,,
c6423fa43dfc803a,a5878ab93cddecbb,train,smoking_0774_jpg.rf.2fb153256b142e08a7630c5bd872bd9d.jpg,1,1,cigarette,0,relabel,reviewer1_accepted,,
3403654e5c7d82b4,752ab94e4d48cbd8,train,smoking_0775_jpg.rf.fc4894549ff28e6399d0ac5b29df7c08.jpg,1,1,invalid,,drop,adjudicated,两人一起,没有有效的物体
d13114b4de488630,b7d68e663bf35945,train,smoking_0778_jpg.rf.e50296d488bcab68a6cdcf738b656459.jpg,1,1,cigarette,0,relabel,reviewer1_accepted,,
06097018c16526d5,e47e67cc99824258,train,smoking_0779_jpg.rf.d015a578ddadbe63e88e97fe9eb69199.jpg,1,1,cigarette,0,relabel,reviewer1_accepted,,
c46667c20c019367,8b727a8d46117ebe,train,smoking_0794_jpg.rf.b4d0176c3a455cf396b063afaefe68f3.jpg,1,1,cigarette,0,relabel,reviewer1_accepted,,
233bb308e8a373d8,643804aa947027ae,train,smoking_0796_jpg.rf.5473410d407854e9f865f37491794053.jpg,1,1,cigarette,0,relabel,reviewer1_accepted,,
b5fcd073bdba5a81,94ee53592d71daa2,train,smoking_0832_jpg.rf.0400ab442c691b498c05f26670aae8c6.jpg,1,1,cigarette,0,relabel,reviewer1_accepted,,
7eb4333b9680cb6a,ea5984dad8b655b1,train,smoking_0855_jpg.rf.a49a47645739c529714d40bb74c3c64d.jpg,1,1,invalid,,drop,adjudicated,两人一起,cigarette+smoke
08cce91d85a8305c,b03bbe9e6a7f6d3f,train,smoking_0874_jpg.rf.2b34f863bf4b7ed42c1b58c7ed43984c.jpg,1,1,cigarette,0,relabel,reviewer1_accepted,,
acf904859272d22a,ebbb7704e7a2e70e,train,smoking_0884_jpg.rf.3e5261f23b9aa7e26f1a894ad0e0f37b.jpg,1,1,cigarette,0,relabel,reviewer1_accepted,,
1a9fe41c574a8962,4852485e7cba5aae,train,smoking_0891_jpg.rf.de03054789eeabe072b2b39c957af8ef.jpg,1,1,cigarette,0,relabel,reviewer1_accepted,,
be280effa3e9dd90,35b8e43a92acf8e4,train,smoking_0897_jpg.rf.156e0c3c594e686958f54993d24b31f0.jpg,1,1,cigarette,0,relabel,reviewer1_accepted,,
f10d840d51bc0445,e74c130b00fa45ef,train,smoking_0905_jpg.rf.d0e70ca3415f3860a0e03377793fe3a2.jpg,1,1,cigarette,0,relabel,reviewer1_accepted,,
fe38b0305137a4c9,2b6069bae8ffde5c,train,smoking_0926_jpg.rf.cd2ab37ece4e73939a146a3ed9c378f9.jpg,1,1,cigarette,0,relabel,reviewer1_accepted,,
321272aabae46f3c,4ff49173393b3dcf,train,smoking_0930_jpg.rf.7abc313d5f407b5200c10b78c1a4d6a9.jpg,1,1,invalid,,drop,adjudicated,两人一起,cigarette+smoke
aca0e9eac0bd67dd,3740c2a95f2c11b4,train,smoking_0936_jpg.rf.e1e0c094099340b2d918b0bac25c3469.jpg,1,1,cigarette,0,relabel,reviewer1_accepted,,
a9e11fcac901d67b,0b62254a85191ad6,train,smoking_0946_jpg.rf.f02a6b79eb3921e9e867b84f29625f28.jpg,1,1,cigarette,0,relabel,reviewer1_accepted,,
6f8a4805f609b7f0,21029bd04098bfd5,train,smoking_0948_jpg.rf.d4712fa139c9891d00b64d31d7e50ed8.jpg,1,1,invalid,,drop,adjudicated,两人一起,无有效物体
dea5aec244fe58f8,e80c51c5646b39cf,train,smoking_0950_jpg.rf.b2963854d764fc5eeba0aca7f044dd6d.jpg,1,1,invalid,,drop,adjudicated,两人一起,无有效物体
0063275173b8e393,c8ea8da481a587c0,train,smoking_0956_jpg.rf.6002b72db9909e44e709271c7b209178.jpg,1,1,cigarette,0,relabel,reviewer1_accepted,,
538c888a98d4b80f,80cdfb1d4f2f89b7,train,smoking_0957_jpg.rf.6df7071c1d3a6b05a39afbd2832f9098.jpg,1,1,cigarette,0,relabel,reviewer1_accepted,,
ad918de5c270ba3f,f0ce9d32d16b7a27,train,smoking_0980_jpg.rf.60bf556b80c0019560768bd289959c6f.jpg,1,1,invalid,,drop,adjudicated,两人一起,cigarette+smoke
47ceb149fcfb54dd,1b9725350ab86ddb,train,smoking_0995_jpg.rf.2cc1c2d8955c08b381a2a75d6d985d69.jpg,1,1,cigarette,0,relabel,reviewer1_accepted,,
95ddf47fcbc37921,df35b9d1809c016e,train,smoking_0997_jpg.rf.3496cdd83096c20b6e46fdea2ed968a4.jpg,1,1,smoking_action,,drop,reviewer1_accepted,,
48fe45863a1e460b,3818d61294421022,train,smoking_1003_jpg.rf.4e8b7f6764e0fd777c3b061d4088513d.jpg,1,1,smoking_action,,drop,reviewer1_accepted,,
eb2070ae4b3c561e,2abee6cb760052c4,train,smoking_1006_jpg.rf.5e16bbc1c64b7583b7beb0515328fd38.jpg,1,1,cigarette,0,relabel,reviewer1_accepted,,
cbdf4a8a8bdf7448,6b0e05432a19902b,train,smoking_1011_jpg.rf.1760315702ab6207091e3fd4b496bcb6.jpg,1,1,cigarette,0,relabel,reviewer1_accepted,,
f03f246b2fb76d19,f8946e69036b1829,train,smoking_1041_jpg.rf.3cb920cf7892e0300f97f5877cdba8a5.jpg,1,1,invalid,,drop,adjudicated,两人一起,cigarette+flame
fca33520be75e839,ebf6d797215f1f54,train,smoking_1079_jpg.rf.56e3e27681178a4e5f9231ac5cd141df.jpg,1,1,smoking_action,,drop,reviewer1_accepted,,
26a630071610f61b,54beed65619ae2cc,train,smoking_1094_jpg.rf.781ad6f336faa4f55773760a1b5b8140.jpg,1,1,smoking_action,,drop,reviewer1_accepted,,
78bfdcab0773aa01,cf48cfdbdc11dd1c,train,smoking_1098_jpg.rf.d54dd9ebaed341e5c4d88fcdf7d143c2.jpg,1,1,smoking_action,,drop,reviewer1_accepted,,
7f68e5ef91d8d4e2,30c89ca289c5dc13,train,smoking_1102_jpg.rf.e2cf00e89b7b0a716bb5fe83fd3148af.jpg,1,1,invalid,,drop,adjudicated,两人一起,cigarette+smoke
76b3070f477f84fd,f839ad1fbf0f7cff,train,smoking_1119_jpg.rf.bc6a2dfb37d1c277c614702c1ce8d661.jpg,1,1,invalid,,drop,adjudicated,两人一起,"cigarette+smoke
"
e098b4a76090f6d1,423701284358ea04,train,zippo-2203189__340_jpg.rf.626241213a0a6293a851ad2ba8ad8741.jpg,1,1,flame,1,keep,reviewer1_accepted,,
dfc2db08f5f426d4,f1e96b8d5a9379d9,valid,4_jpg.rf.aaea30da7875d12dca73700849587f6f.jpg,1,1,cigarette,0,relabel,reviewer1_accepted,,
8338660a8931f854,15fb73528ad7a48c,valid,9_jpg.rf.dc6404350a9aacda19da8ccd328026dd.jpg,1,1,flame,1,keep,adjudicated,两人一起,符合 flame
3f7cec53600d476e,c0abd09b1f5bbec4,valid,IMG_4498_jpg.rf.64d0e89cdd59567ba87feba0dcc4f4c7.jpg,2,1,flame,1,keep,adjudicated,两人一起,符合 flame
a0ad9b59120e7298,008970fccfcdecbc,valid,IMG_4500_jpg.rf.03d77b42434a49d7bd49dfff811b64a7.jpg,4,1,cigarette,0,relabel,reviewer1_accepted,,
8ab4a20a98682140,132d0630ca43f6d2,valid,IMG_4527_jpg.rf.69bc0c18f9e422087ab25e60d1e178b8.jpg,1,1,flame,1,keep,reviewer1_accepted,,
4693d949f8ac928e,4b6d16b0602b607f,valid,IMG_4543_jpg.rf.47d751726ca5eb6c74e7851218987a6d.jpg,2,1,flame,1,keep,reviewer1_accepted,,
0bbf018ee18f86e1,a9cacce326dd6f80,valid,IMG_5771_JPG.rf.efa5f5d9aba9d2e131afb65c1d911f30.jpg,1,1,flame,1,keep,reviewer1_accepted,,
afdc839cb0d99f3b,0735a7451749e55a,valid,WIN_20220329_21_29_35_Pro_jpg.rf.6056d0cf1e76815303a2cccacc5784ee.jpg,1,1,flame,1,keep,reviewer1_accepted,,
a4574e1c614c84f1,b4cfc4d753b8c7f3,valid,WIN_20220329_21_29_50_Pro_jpg.rf.ad42cd28e4ca2326c50eb3d9b87db16e.jpg,1,1,flame,1,keep,reviewer1_accepted,,
e29f437e25ae2fb6,5374f9bdedd92ca6,valid,WIN_20220329_21_29_55_Pro_jpg.rf.f9ce8a31684fb2afe45bde00b395d070.jpg,1,1,flame,1,keep,reviewer1_accepted,,
b7cee4f9de5f9ce9,e1cb4115b5ef2fa6,valid,WIN_20220507_20_59_13_Pro_jpg.rf.7012b98604517736f7ca8c63d4eedd95.jpg,1,1,flame,1,keep,reviewer1_accepted,,
d6a012c589e81e29,5f03ec09ce715243,valid,WIN_20220507_20_59_15_Pro_jpg.rf.2c87105988ad446a672893649fb73ebe.jpg,1,1,flame,1,keep,reviewer1_accepted,,
cde4daa9c4f4dd83,f4d6bd9240081fe6,valid,WIN_20220507_21_27_22_Pro_jpg.rf.c49afb391bacf1baec14076ef39a76b8.jpg,1,1,flame,1,keep,reviewer1_accepted,,
e8def856bfa3cd9b,f8726651af96e326,valid,WIN_20220507_21_28_56_Pro_jpg.rf.66fa576985a7e34e1ec1867ee921665e.jpg,1,1,flame,1,keep,reviewer1_accepted,,
9e2a8c181b1f2049,4c973d138c39dcd9,valid,WIN_20220507_21_29_18_Pro_jpg.rf.ab513bf562b24788f586294b87b2476c.jpg,1,1,flame,1,keep,reviewer1_accepted,,
8ae2e0d3c566ec44,a04023a30965351b,valid,WIN_20220507_21_29_24_Pro-2-_jpg.rf.1d18b0242c65985f46038105e49dbb99.jpg,1,1,flame,1,keep,reviewer1_accepted,,
34255cd9c5b96f4d,b18c68010dbd98bf,valid,WIN_20220507_21_29_25_Pro_jpg.rf.4d8cee748d062be29365669ca61725c6.jpg,1,1,flame,1,keep,reviewer1_accepted,,
ba6b5463ca9d9dbe,449221d2d39891b8,valid,WIN_20220507_23_10_34_Pro-2-_jpg.rf.356f776e2e38086af86a7ae19e58b5ed.jpg,1,1,flame,1,keep,adjudicated,两人一起,符合 flame
38f3aea686a9b511,9ba8c155ee40d0a6,valid,WIN_20220507_23_10_41_Pro_jpg.rf.fe623435ad2ed0123d835f9d83db817d.jpg,1,1,flame,1,keep,reviewer1_accepted,,
5f1deed1e79a16ba,ca2e0cc5f3abcf47,valid,WIN_20220507_23_10_49_Pro_jpg.rf.b5ce62b56bb1e0a6eafbdf2e4cacdfe4.jpg,1,1,flame,1,keep,reviewer1_accepted,,
cf4463dee8f04f4d,93d5a84380053c06,valid,download-3-_jpeg_jpg.rf.e6f40d54f4f20dbec8cae2aa82ef3245.jpg,1,1,flame,1,keep,reviewer1_accepted,,
7deeee044deffa08,30b0ae2e6dfb4f25,valid,imagaaes_jpg.rf.682dfb2fbfffb841e645fd2f53f11080.jpg,1,1,flame,1,keep,reviewer1_accepted,,
b47630763d815371,b07ca457c7ac7eef,valid,images-12-_jpg.rf.ac6f173771e5e7ede4291997eea876d7.jpg,1,1,flame,1,keep,reviewer1_accepted,,
7df9c3820abb8f7c,2cf74b2066c229a2,valid,images-15-_jpeg_jpg.rf.aa26c9ddde19b481ea6b20d65d677d65.jpg,1,1,flame,1,keep,reviewer1_accepted,,
afcb1dd808d43239,a6bedb9734850b7a,valid,images-18-_jpg.rf.dd08701d5947845e5372b698c3d83ad2.jpg,1,1,flame,1,keep,reviewer1_accepted,,
e4fe76073e2e58e5,d97ad5f5667935cb,valid,images-2022-05-07T213602-380_jpg.rf.a36daec25edf3a1d4a0f99131a6c045b.jpg,1,1,flame,1,keep,reviewer1_accepted,,
8a5915c101092a21,ad569900a36c1fab,valid,images-29-_jpg.rf.c381514653bd69a4fd484afa8548c68e.jpg,1,1,flame,1,keep,reviewer1_accepted,,
13c15045c34f98ad,4f58a66a4d95bcdc,valid,images-30-_jpg.rf.9f57e7888c7976b1edde5cae4f46b24b.jpg,1,1,flame,1,keep,reviewer1_accepted,,
faea9b13b36e3c70,a93cbc34531370bd,valid,images-5-_jpg.rf.394380944d0c5a9dfd1c1b45e58d612d.jpg,1,1,flame,1,keep,reviewer1_accepted,,
fbbfc1441548ff12,30ea19503b89b34d,valid,images-50-_jpg.rf.11efdfe0c2ddca433bbed867aec2bfcd.jpg,1,1,flame,1,keep,reviewer1_accepted,,
df16443aa7875847,f067a6315e6ecd39,valid,images-66-_jpg.rf.891c6793dd67f875b26b33436b3261de.jpg,1,1,flame,1,keep,reviewer1_accepted,,
66a9ec96a6b8e14f,180816e3de301707,valid,images-73-_jpg.rf.4a2e35adf8125525bcd26266002bac56.jpg,1,1,flame,1,keep,reviewer1_accepted,,
2e0305523d3da6db,527735b32fe96c04,valid,images-8-_jpeg_jpg.rf.44329cb0a6700b3c57bdc48f656a222c.jpg,1,1,flame,1,keep,reviewer1_accepted,,
d6092b866c364a16,1597ae2fb562199d,valid,images-86-_jpg.rf.31980106f68260f2695f18b57cd28e42.jpg,1,1,flame,1,keep,reviewer1_accepted,,
aeb2e43a9f7ee099,9dc86d84e316740d,valid,images-87-_jpg.rf.701f76114b292d2938ba34866ac7ed53.jpg,1,1,flame,1,keep,reviewer1_accepted,,
670c8c69d2f008a3,3c214e53bdf440fd,valid,imsaages_jpg.rf.d72877a52b58e7d0734bc7ccf9d88a40.jpg,1,1,flame,1,keep,reviewer1_accepted,,
2946cd58ef616d42,424ff5ef3909e698,valid,indir-12-_jpg.rf.989b871be3b6998d37bd9586f2e48ccd.jpg,1,1,flame,1,keep,reviewer1_accepted,,
6df8d5b60b514488,132236b4c844bf7d,valid,indir-17-_jpg.rf.bfb995155b0b40cf722dbe8fe2dc1812.jpg,1,1,flame,1,keep,reviewer1_accepted,,
2a1eef5dac232875,dbf455fec5ac8d6c,valid,pexels-photo-1461811_jpeg_jpg.rf.ad5c472f5f63dcfb475896c6bcacbfd8.jpg,1,1,flame,1,keep,reviewer1_accepted,,
a9e7882e976a48be,4ad8c51290a68edb,valid,pexels-photo-9742474_jpeg_jpg.rf.6e0d829043dc072b0876da1d0b86e343.jpg,1,1,flame,1,keep,reviewer1_accepted,,
2509112f314247a7,ba6c0d6f4c9326de,valid,small-71-_jpg.rf.86a3d37f1c90a88cbe910971c031a994.jpg,1,1,flame,1,keep,reviewer1_accepted,,
a9b712cfcc21f945,aa93583bede1e676,valid,smoking_0199_jpg.rf.35aab8c0879e9927cdf08b6da18519f5.jpg,1,1,invalid,,drop,adjudicated,两人一起,cigarette+smoke
e8e6f7506c9d0dc7,7f3c41af92f74495,valid,smoking_0252_jpg.rf.f512b6a24d55dd0b68413584f1200f4b.jpg,1,1,cigarette,0,relabel,reviewer1_accepted,,
2290eb88867c12bd,d708e5443e8d64e5,valid,smoking_0458_jpg.rf.b80873691701abb78b5843f423108b9b.jpg,1,1,cigarette,0,relabel,reviewer1_accepted,,
a41974fa350e9b7f,f65cadffe07870f4,valid,smoking_0465_jpg.rf.1de3e564ec217e1b9b413b4594238c9c.jpg,1,1,invalid,,drop,adjudicated,两人一起,cigarette+smoke
13e7c4f154e5210d,1d58ee2b510ed40d,valid,smoking_0500_jpg.rf.37be4365c54add8c88bce84019c642e5.jpg,1,1,cigarette,0,relabel,reviewer1_accepted,,
cc798fb78e27ee98,e0c59551940ef641,valid,smoking_0688_jpg.rf.244569f1434ab78ba929f5174a35b34f.jpg,1,1,cigarette,0,relabel,reviewer1_accepted,,
f8e292816377eb82,d90b4ebba6e77657,valid,smoking_0729_jpg.rf.f7c71640d2fbb8ebde75821802e8a780.jpg,1,1,cigarette,0,relabel,reviewer1_accepted,,
85a2c7ffa36b4dfa,c77afd2644aaf47a,valid,smoking_1124_jpg.rf.849f41f1cc432108b75362a23a281bab.jpg,1,1,cigarette,0,relabel,reviewer1_accepted,,
ec1756d69a5c2db1,80e07e6c4c0a24ea,test,6_jpg.rf.9c1d9f7ee00dbb7f38ef0c82cccab997.jpg,1,1,flame,1,keep,reviewer1_accepted,,
3f4c558abbd48bb5,1e60a0e218b28c2f,test,IMG_4463_jpg.rf.4c7724d881eb077e2a1af7a84cadbcfb.jpg,2,1,flame,1,keep,reviewer1_accepted,,
92c148aed92dc0fe,6156a91b953dfe88,test,IMG_4490_jpg.rf.60ce9cbb9c55bb1639e5395052f7dd31.jpg,3,1,flame,1,keep,reviewer1_accepted,,
061621a193ebb450,4933176e607b8092,test,IMG_4516_jpg.rf.0df16423c457ff7c23962f14a6735585.jpg,1,1,flame,1,keep,reviewer1_accepted,,
713020d3837f4c88,2849a9dba93ee3e9,test,IMG_4519_jpg.rf.51655e13c8a2cfa51584098353c05990.jpg,1,1,flame,1,keep,reviewer1_accepted,,
eed90b99e43d00e6,52eb53030ba8e5d8,test,WIN_20220329_21_28_57_Pro_jpg.rf.6cb12a3b9d600d00d4d4738976c55afa.jpg,1,1,flame,1,keep,reviewer1_accepted,,
abe56c0a301d4939,3f69bdec9fb7793e,test,WIN_20220329_21_29_32_Pro_jpg.rf.9273f4febf9c964915f3154648134937.jpg,1,1,flame,1,keep,reviewer1_accepted,,
664afc4f5a1f905c,fc4d8ce4ba15bdea,test,WIN_20220329_21_29_34_Pro_jpg.rf.7fbbf74b509f0d004b78da6149bbb567.jpg,1,1,flame,1,keep,reviewer1_accepted,,
4e7c9b0246269d75,f03104c78ec5a2b2,test,WIN_20220329_21_29_45_Pro_jpg.rf.91e5a3e2cd5a0977c0533ff131d2f890.jpg,1,1,flame,1,keep,reviewer1_accepted,,
0b43aca47202951a,3dd187821df507a4,test,WIN_20220329_21_31_00_Pro_jpg.rf.f7a297bda1e72b7ef4c13efa79489982.jpg,1,1,flame,1,keep,reviewer1_accepted,,
0622b96a0a7254ca,f6007ab2d8fbb76f,test,WIN_20220507_20_59_02_Pro_jpg.rf.467755b80a3866136bdf0b35c61896a6.jpg,1,1,flame,1,keep,reviewer1_accepted,,
6c1aa7301a44b413,360e2bedaf17b552,test,WIN_20220507_20_59_12_Pro_jpg.rf.307936c469d8a26636b5a7ab1770a4e0.jpg,1,1,flame,1,keep,reviewer1_accepted,,
9d33f0fb3c46c30c,622ac41bc26e25e9,test,WIN_20220507_21_28_53_Pro_jpg.rf.d86818b37309f81406c7303fc5c2a57a.jpg,1,1,flame,1,keep,reviewer1_accepted,,
1f1f4d10c115341e,7c81e48d46c806f7,test,WIN_20220507_21_29_05_Pro_jpg.rf.2240c15dc1bfa0dc12af4599560b8c3c.jpg,1,1,flame,1,keep,reviewer1_accepted,,
71e5b8ae0ee454c4,ed82cc56f0392e78,test,download-2-_jpeg_jpg.rf.39b2bdd6242ba1c002d06388018d643f.jpg,1,1,flame,1,keep,reviewer1_accepted,,
7ed51daa0d1551fa,ed82cc56f0392e78,test,download-2-_jpeg_jpg.rf.39b2bdd6242ba1c002d06388018d643f.jpg,2,1,flame,1,keep,reviewer1_accepted,,
f3006408cbd18835,a8a9ed5eb11f70fe,test,iaaages_jpg.rf.399faff2feef0ff513b36aef5e1df450.jpg,1,1,flame,1,keep,reviewer1_accepted,,
cf27cde0ad2aa95e,c4cb279e93b9446b,test,imaaddaaddadages-3-_jpg.rf.57d0b0f52e8eb6bfa45b27afe413d2ba.jpg,1,1,flame,1,keep,reviewer1_accepted,,
15c6bc04490fb820,89ef1323d20f629a,test,imagdes_jpg.rf.ba67b34fbf206f08e48e1a4b6727a377.jpg,1,1,flame,1,keep,reviewer1_accepted,,
54723af905e5a165,305da2aaa87b8e1b,test,images-106-_jpg.rf.04cf5693eabf56a4818bc0b1c7a92a68.jpg,1,1,flame,1,keep,reviewer1_accepted,,
c128ebec57b463e3,ea3db75e96f44b70,test,images-110-_jpg.rf.1f23af24a7653f90590defffd1219b7d.jpg,1,1,flame,1,keep,reviewer1_accepted,,
aa94672b68037546,e4d6509cead789f9,test,images-14-_jpg.rf.996bde677c5474974380088480c125e5.jpg,1,1,flame,1,keep,reviewer1_accepted,,
3132510378771938,d7b55d886b1e021f,test,images-35-_jpg.rf.698f0e0c80610d642d124ed487c99c6c.jpg,1,1,flame,1,keep,reviewer1_accepted,,
11ebf09853a839f5,2909b834477aa6d0,test,images-37-_jpg.rf.1623ec3b636ba902f6993ed7f8a4d932.jpg,1,1,flame,1,keep,reviewer1_accepted,,
1fc6ac62ed8467e3,3a0553086b46aaca,test,images-38-_jpg.rf.abbb2f9fb42785e52708098354ad4275.jpg,1,1,flame,1,keep,reviewer1_accepted,,
50ccce5cb28c4d5f,1675005596ea3b10,test,images-47-_jpg.rf.33fb639d957f8b15ae1c8299df80b2d5.jpg,1,1,flame,1,keep,reviewer1_accepted,,
10eab4114bfc31e7,33c7db42b7f9737c,test,images-52-_jpg.rf.3569b61c0ec84e4c687de340e20281a2.jpg,1,1,flame,1,keep,reviewer1_accepted,,
4d026ee2a86f4805,bb1aef7c790f6aa1,test,images-60-_jpg.rf.d5b294e7b838016837d5efcc64b6ddfd.jpg,1,1,flame,1,keep,reviewer1_accepted,,
95b3b91575355240,289278d8f739c7c3,test,images-7-_jpeg_jpg.rf.cb9ede3d441d014e8abc12f74fd3a49a.jpg,1,1,flame,1,keep,reviewer1_accepted,,
bbb09aa2c128effd,c9eae42da9eef66c,test,images-72-_jpg.rf.40395529b65f4ed274795670b5b6fae9.jpg,1,1,flame,1,keep,reviewer1_accepted,,
9bc671ca20609666,701cbd2b2be44b2b,test,images-92-_jpg.rf.035f18ffab8412798921f8196bcb9a29.jpg,1,1,flame,1,keep,reviewer1_accepted,,
bdc5d8f9506c708c,ce8d46c6934696a5,test,images-94-_jpg.rf.a6c430ddc9dfa1314ebc3cdb6300c131.jpg,1,1,flame,1,keep,reviewer1_accepted,,
18aaaed17a641900,40f6dbf766d6a803,test,images-96-_jpg.rf.07ac2c1b2c46e1a0b08a7f0ed44561e3.jpg,1,1,flame,1,keep,reviewer1_accepted,,
c2da00b649e1ce6b,b37f615674c7c0f8,test,imddages_jpg.rf.696aca020b84b9559c083cbd6c5e2851.jpg,1,1,flame,1,keep,reviewer1_accepted,,
fc39126225c41bf9,ab6de8f46531985b,test,indir-14-_jpg.rf.46af5c0d975a31c6bc3e07da2a1b7af6.jpg,1,1,flame,1,keep,reviewer1_accepted,,
89b13c8127c12402,ad9d43545af7be75,test,pexels-photo-340876_jpg.rf.b1a253cf0fe2db2ac67d0b62582903bf.jpg,1,1,flame,1,keep,reviewer1_accepted,,
6fbcd29a2ad42074,d9866f878f03bd55,test,small-15-_jpg.rf.b5e0e43a0cb1387d3418aa5190591ce0.jpg,1,1,flame,1,keep,reviewer1_accepted,,
6ede20e5b0b574db,d52b548b96846e16,test,small-29-_jpg.rf.d764b585c1ddc33ad467032c685a13f3.jpg,1,1,flame,1,keep,reviewer1_accepted,,
d930776894db8201,4f1457f509cdf8ac,test,small-90-_jpg.rf.a72dc644942c5e5883626315bcde997e.jpg,1,1,flame,1,keep,reviewer1_accepted,,
e3f48db2f3fdde64,4961ecda02a23d10,test,smoking_0189_jpg.rf.37b9554c90b8a5d92ada4e98c3a439fc.jpg,1,1,cigarette,0,relabel,reviewer1_accepted,,
6e033275d1e2e287,68485c39db816881,test,smoking_0316_jpg.rf.7c444c56f55890d9f4b26694fe46c7d6.jpg,1,1,cigarette,0,relabel,reviewer1_accepted,,
bccde708bfc07efc,063b3d2113335578,test,smoking_0329_jpg.rf.012a7a8dc2f9a13cbf375d3348385253.jpg,1,1,cigarette,0,relabel,reviewer1_accepted,,
89c2146c97016836,5e2dacc203decbe6,test,smoking_0342_jpg.rf.b9edb5b72d12518bcf2c5be8cb5d2bf1.jpg,1,1,cigarette,0,relabel,reviewer1_accepted,,
03b1382ac4abdbcf,f5a2b28be1d7e9d9,test,smoking_0345_jpg.rf.f44eb884af8361f08f67b074f2fd4a8c.jpg,1,1,smoking_action,,drop,reviewer1_accepted,,
b0fe64ca0945e899,97576f3ab7e343af,test,smoking_0492_jpg.rf.4703e3092c7d5178efa334e29030d54f.jpg,1,1,invalid,,drop,adjudicated,两人一起,cigarette+smoke
0f7297f9550492cd,53e562d9b6e1f22b,test,smoking_0621_jpg.rf.212cf8f7c601d2901c599066d5541969.jpg,1,1,cigarette,0,relabel,reviewer1_accepted,,
296f6fac2ae2b6cb,ac8e5e1a27928835,test,smoking_0660_jpg.rf.ccedde3cfda76cfa3c305d847bbe2a4e.jpg,1,1,cigarette,0,relabel,reviewer1_accepted,,
2c731f1b53ee0d30,f4d519091a8ed949,test,smoking_0797_jpg.rf.8e60190307735b3a53adc2fe4d23c23c.jpg,1,1,cigarette,0,relabel,reviewer1_accepted,,
ee4d967597900263,82224d3a9d2c948a,test,smoking_0798_jpg.rf.e9a12f6da5cc1cd44cfc3be7d6f96f50.jpg,1,1,invalid,,drop,adjudicated,两人一起,cigarette+smoke
3ddd8843cff881b0,5c22ad11e20c7b4e,test,smoking_1060_jpg.rf.b9f1f14673d9da79b0ea2d384f207f94.jpg,1,1,smoking_action,,drop,reviewer1_accepted,,
