seed,test_component,test_representative,injected_raw_split,injected_raw_image,injected_output_image,injected_sha256,phash_distance_to_test_representative,original_signature,audited_signature,replacement_component,replacement_image
1,0b61198e360aaf17,IMG_4502_jpg.rf.7ec1dd6417c2e207e8bcfb8c005efc72.jpg,train,IMG_4502_jpg.rf.acc38aa9dcc8935ae01c4658b4a17c32.jpg,leak_0b61198e360aaf17_IMG_4502_jpg.rf.acc38aa9dcc8935ae01c4658b4a17c32.jpg,67f13dd81397f8ca876654aed8100b495422634fa0ae1abecccd2b691c67c41b,0,,,9eb919c7c99ae2e7,43c1b3f2c9b0be0b_jpg.rf.d706c600aba8c4dcba3369950884a80d.jpg
1,2849a9dba93ee3e9,IMG_4519_jpg.rf.51655e13c8a2cfa51584098353c05990.jpg,train,IMG_4519_jpg.rf.7c935ee95dadf829a5d5dfcc097aa1d3.jpg,leak_2849a9dba93ee3e9_IMG_4519_jpg.rf.7c935ee95dadf829a5d5dfcc097aa1d3.jpg,2f9dad4d10cd59161077bde10246d14b4f1ce836a4da45a68b0c036d28283a8f,26,0|1,0|1,68dc86940a81de3e,IMG_4541_jpg.rf.1d42da443128d78e057b6885e2a8deb3.jpg
1,305da2aaa87b8e1b,images-106-_jpg.rf.04cf5693eabf56a4818bc0b1c7a92a68.jpg,train,images-106-_jpg.rf.2f6ed9dbd5ed5249f87cd3670f0e80d5.jpg,leak_305da2aaa87b8e1b_images-106-_jpg.rf.2f6ed9dbd5ed5249f87cd3670f0e80d5.jpg,598c630410e475c729db92435fa1d01ae38a6b3c07b8c5489b5b8c642ba6454f,30,1,1,8cc79eb46e9adee4,WIN_20220507_21_29_21_Pro_jpg.rf.7f58151462fc7f3fce6833063e9be8b0.jpg
1,360e2bedaf17b552,WIN_20220507_20_59_12_Pro_jpg.rf.307936c469d8a26636b5a7ab1770a4e0.jpg,valid,WIN_20220507_20_59_12_Pro_jpg.rf.df8bd6a115eb9fe9f75457cf8d5ce59a.jpg,leak_360e2bedaf17b552_WIN_20220507_20_59_12_Pro_jpg.rf.df8bd6a115eb9fe9f75457cf8d5ce59a.jpg,8a1ef63a72f4f270d9936a8b2da223f7717a15d77edc2e48d216cda760887936,6,1,1,a596a3e1f830d600,images-24-_jpg.rf.3ed1df2595f4224ee2b036ac8b002ace.jpg
1,3a0553086b46aaca,images-38-_jpg.rf.abbb2f9fb42785e52708098354ad4275.jpg,train,images-38-_jpg.rf.40a2bce2ccc5ab5f1aec0196c83e68ba.jpg,leak_3a0553086b46aaca_images-38-_jpg.rf.40a2bce2ccc5ab5f1aec0196c83e68ba.jpg,b6dd796cecb0b17d3699a2562353c97de4a5457ae729eae0218ac2833cd73118,4,1,1,8e25a0f6c64bc247,WIN_20220507_21_29_07_Pro_jpg.rf.aa43c6b9edc7a4421ae1264ed081d89a.jpg
1,3a48c55780a80f87,1697100045201_JPEG_jpg.rf.a67f250c08dac11e5364aacda75ea2aa.jpg,train,1697100045201_JPEG_jpg.rf.b2b6f4141766174de11ea77077ad5748.jpg,leak_3a48c55780a80f87_1697100045201_JPEG_jpg.rf.b2b6f4141766174de11ea77077ad5748.jpg,372a088792daf6ba8099bba1cb729eec9cce7e731fea3aecd5bc45bcd5603d03,4,0,0,9f694c18b7f85be1,smoking_0337_jpg.rf.439b3be93833ec118f9b5102958f90c7.jpg
1,3b462a6676e37277,1697099897263_JPEG_jpg.rf.202e1e9b2a93a6c5b6469f0ef7715844.jpg,train,1697099897263_JPEG_jpg.rf.162315762af67d070dee7001fa175f8c.jpg,leak_3b462a6676e37277_1697099897263_JPEG_jpg.rf.162315762af67d070dee7001fa175f8c.jpg,a23ea7885bde2e71ee383b82bb1fc8b774ffe315c698688116c0dca6d1a79fd7,28,0,0,67fddb0ec792196d,smoking_0573_jpg.rf.11deec1b2d37c18b7ea5392f552ceaf8.jpg
1,3dd187821df507a4,WIN_20220329_21_31_00_Pro_jpg.rf.f7a297bda1e72b7ef4c13efa79489982.jpg,train,WIN_20220329_21_31_00_Pro_jpg.rf.5b9ccb8e42865d1b0007f168b3b7b857.jpg,leak_3dd187821df507a4_WIN_20220329_21_31_00_Pro_jpg.rf.5b9ccb8e42865d1b0007f168b3b7b857.jpg,d09674f653ab54050738d3da2263bac8d84c3cdb1e904a5a41761f3ee1dd70cd,30,1,1,c5d7949e247e4f20,WIN_20220329_21_30_58_Pro_jpg.rf.ff070c7b940dc19b72314169575cb60d.jpg
1,3f69bdec9fb7793e,WIN_20220329_21_29_32_Pro_jpg.rf.9273f4febf9c964915f3154648134937.jpg,train,WIN_20220329_21_29_32_Pro_jpg.rf.4a6f7d15336568299352fa3f9f6d923e.jpg,leak_3f69bdec9fb7793e_WIN_20220329_21_29_32_Pro_jpg.rf.4a6f7d15336568299352fa3f9f6d923e.jpg,fc756050f02f194b138ba58a6814ac10a26d3daf87096f62475aa22deccd0fbd,20,1,1,69f8f191974cf08a,match-218451__340_jpg.rf.de4ec217de401a95f7dbc3e50f9b8dc6.jpg
1,40f6dbf766d6a803,images-96-_jpg.rf.07ac2c1b2c46e1a0b08a7f0ed44561e3.jpg,train,images-96-_jpg.rf.6acf0da734fa680db177714a3ebc7565.jpg,leak_40f6dbf766d6a803_images-96-_jpg.rf.6acf0da734fa680db177714a3ebc7565.jpg,0106c03fa07d8ad084b2a998ea0b75ebf773732ce7e326e43f70a640d99e95ce,0,1,1,8e95597b82352da6,WIN_20220507_21_28_29_Pro-2-_jpg.rf.8bd43aec7d770fb577f7c11f6d2a537b.jpg
1,45fce7fca71e6af7,1697100071138_JPEG_jpg.rf.0673a123face65e53f969b6bf2810e4b.jpg,valid,1697100071138_JPEG_jpg.rf.1fdf5b2f4d819bf852dab637f30a9587.jpg,leak_45fce7fca71e6af7_1697100071138_JPEG_jpg.rf.1fdf5b2f4d819bf852dab637f30a9587.jpg,2e788ab6a3c91171697de252ef2c759d3be145503721d9a9a0c4b3010c0b71c9,30,0,0,2ed7f9db58ba297c,smoking_0007_jpg.rf.fac85d70f12048c6f0cdfee04d07218b.jpg
1,4933176e607b8092,IMG_4516_jpg.rf.0df16423c457ff7c23962f14a6735585.jpg,train,IMG_4516_jpg.rf.47f90c81ad52e1001ecb4089b12b06fe.jpg,leak_4933176e607b8092_IMG_4516_jpg.rf.47f90c81ad52e1001ecb4089b12b06fe.jpg,48d23271b1405eea4409d371dfe6564450ef8530d7ce371125039b3a1d3c11a7,28,0|1,0|1,1cb6fa6072088054,IMG_4496_jpg.rf.2ee17157725181dfc5f5ebf1aeacf185.jpg
1,4e2eef3ace757c41,IMG_4327_jpg.rf.1116c97c648ed7076c96f47ec6631045.jpg,train,IMG_4327_jpg.rf.36d1b35bfc0c7974d376149b3be3ce95.jpg,leak_4e2eef3ace757c41_IMG_4327_jpg.rf.36d1b35bfc0c7974d376149b3be3ce95.jpg,7b8dfeb7c85532c9788469e2170bf7e54d7dc15a5429cf8f01a67422c392c2d3,22,0,0,58c8cdf98a8c61e9,smoking_0911_jpg.rf.1a2c564dc15a7fb847d2f9e5d3d357e9.jpg
1,4f1457f509cdf8ac,small-90-_jpg.rf.a72dc644942c5e5883626315bcde997e.jpg,valid,small-90-_jpg.rf.9878b21f6e56a975891c505d31afceb7.jpg,leak_4f1457f509cdf8ac_small-90-_jpg.rf.9878b21f6e56a975891c505d31afceb7.jpg,9d9a9840a6b605d956a32e7a7a24113aafc56a1ae2246ee562fd87ad5f034f72,24,1,1,744d108a82442aab,images-93-_jpg.rf.76fb5827de3f388b3bd26c7d67897788.jpg
1,52eb53030ba8e5d8,WIN_20220329_21_28_57_Pro_jpg.rf.6cb12a3b9d600d00d4d4738976c55afa.jpg,valid,WIN_20220329_21_28_57_Pro_jpg.rf.a6fd2d57fd1c57ced3952451b8b23f9f.jpg,leak_52eb53030ba8e5d8_WIN_20220329_21_28_57_Pro_jpg.rf.a6fd2d57fd1c57ced3952451b8b23f9f.jpg,de8e381ea93cef2513d3788807c585acce9b1dab42011738551f2c2bfd0a363f,8,1,1,0b7f0249942f68d7,WIN_20220507_21_29_19_Pro_jpg.rf.b9e50b06fb8bb5a6a6d70c3b5bc382dd.jpg
1,5473cdc171e5b89e,1697095309909_JPEG_jpg.rf.e354a6113fc874ea33ceb424cd474776.jpg,train,1697095309909_JPEG_jpg.rf.f6aa79426eed452708bd5942b35190fd.jpg,leak_5473cdc171e5b89e_1697095309909_JPEG_jpg.rf.f6aa79426eed452708bd5942b35190fd.jpg,2f6a9745fd5f3378ee5facb6028555d42da2ed136de3723a6fc702e25f617546,6,0,0,04cd0917d09c1432,IMG_4421_jpg.rf.79876fb2d00a5624f55e85c5dfbf1998.jpg
1,701cbd2b2be44b2b,images-92-_jpg.rf.035f18ffab8412798921f8196bcb9a29.jpg,train,images-92-_jpg.rf.7ecb8f65a61ef3e7d93951b4cda60473.jpg,leak_701cbd2b2be44b2b_images-92-_jpg.rf.7ecb8f65a61ef3e7d93951b4cda60473.jpg,eba401f431b49f8029c27b8906d679b6e48d23bc7f61af67f3dbb7ecfb1e8afb,0,1,1,cf3874652fcd2736,WIN_20220329_21_28_54_Pro_jpg.rf.909a72d1612df6824fd05d0d42bf0ebf.jpg
1,787b98a8a7ddaf1a,c00455_png_jpg.rf.5f7c7dd98df1c52d3fedbe73d17d0428.jpg,valid,c00455_png_jpg.rf.5ea5e7984ee61559288c1feb65ef2c42.jpg,leak_787b98a8a7ddaf1a_c00455_png_jpg.rf.5ea5e7984ee61559288c1feb65ef2c42.jpg,4af1f986fb8c28f57dae24ea573bb612df1e7e763047db96b107332ad0089fa0,32,2,2,0e4907bdf13362ab,000016_jpg.rf.07c1762969c1f2b3fedd8d98f612dc02.jpg
1,7c81e48d46c806f7,WIN_20220507_21_29_05_Pro_jpg.rf.2240c15dc1bfa0dc12af4599560b8c3c.jpg,train,WIN_20220507_21_29_05_Pro_jpg.rf.a925cdc0c78a293cef9a256a1c83a23e.jpg,leak_7c81e48d46c806f7_WIN_20220507_21_29_05_Pro_jpg.rf.a925cdc0c78a293cef9a256a1c83a23e.jpg,f020d7e4fae0eba9a148d8105f1349df30b399c88a05868487c07bd7c441ca1d,26,1,1,45bd82c2ae8b5f87,WIN_20220507_21_27_21_Pro_jpg.rf.30372b1d8a3b994157774131222dc557.jpg
1,7f5ab8acfa5c5869,c00008_jpeg_jpg.rf.058af721101b45f6504caf70442423b1.jpg,valid,c00008_jpeg_jpg.rf.50b9a46650e865bf8731487b175d3af6.jpg,leak_7f5ab8acfa5c5869_c00008_jpeg_jpg.rf.50b9a46650e865bf8731487b175d3af6.jpg,77ae31b3e935797e87b1a3da5ade440f2672691d397dfa0d64b07cd6b374745b,32,2,2,15a5368f749d450e,gg0490_jpg.rf.0b868ed3069731b8b7859d0c5b94be69.jpg
1,89ef1323d20f629a,imagdes_jpg.rf.ba67b34fbf206f08e48e1a4b6727a377.jpg,valid,imagdes_jpg.rf.cef1ece313cfd9d646d99ffb538f7e93.jpg,leak_89ef1323d20f629a_imagdes_jpg.rf.cef1ece313cfd9d646d99ffb538f7e93.jpg,d3122bf461c63cf3048ababa636b09af5f5baf1a71cb59f64339d04c2bf05ac8,34,1,1,c54f18b2b468c81c,13_jpg.rf.306518dec7013cd465a677415eca7a7e.jpg
1,9745bc49ad418b7d,000592_jpg.rf.c0c6cbf0778982d584b23e0490de3060.jpg,valid,000592_jpg.rf.8422d9a4890bb22b361c2dc2cd837871.jpg,leak_9745bc49ad418b7d_000592_jpg.rf.8422d9a4890bb22b361c2dc2cd837871.jpg,bfbbacc99d8b26075f5b9e756bddef4cfdf09248cd5220fe52fdff66b1d3141a,18,2,2,04719bdd216b7aaf,ggg020_jpeg_jpg.rf.b279f7f89da2f3a2ceb0071accd85355.jpg
1,976e1d1b7f47dd34,bb0089_jpg.rf.78dda7c642ba42209061266f0e585a1b.jpg,valid,bb0089_jpg.rf.03544406c6cfb9bf3a5efcf4e5c45a3c.jpg,leak_976e1d1b7f47dd34_bb0089_jpg.rf.03544406c6cfb9bf3a5efcf4e5c45a3c.jpg,45b436122a221501ca265a5943562929fa39e746e4ee47d8b8fa9100eb337ecb,28,2,2,8501182dea7c21e5,000443_jpg.rf.1ba25b4c5c4284f91526c87773e4aae8.jpg
1,9f1411ebbc6152c3,000362_jpg.rf.4b706bcfcd7a515d1c37913675afd78b.jpg,valid,000362_jpg.rf.98cc6bb67b5d19fcd84ae298b87ac3fa.jpg,leak_9f1411ebbc6152c3_000362_jpg.rf.98cc6bb67b5d19fcd84ae298b87ac3fa.jpg,61228e9fb22ac8b0db5bf17664ca8ea8efd469de982dbee5ef24a245666c186c,32,2,2,27a5508240557828,000159_JPEG_jpg.rf.083bb8295cc0e2f906ca29dfef87584e.jpg
1,a8a9ed5eb11f70fe,iaaages_jpg.rf.399faff2feef0ff513b36aef5e1df450.jpg,train,iaaages_jpg.rf.f79ff5adb8ed674340442de15c19b7f2.jpg,leak_a8a9ed5eb11f70fe_iaaages_jpg.rf.f79ff5adb8ed674340442de15c19b7f2.jpg,c5e8306da38cffe48e5b890f47ac4a838ad5985a0c6f70ae475021b4c2a368f5,30,1,1,e5d7200be698197e,download-6-_jpeg_jpg.rf.d8f59aeb7a2459dd657a5306470f5482.jpg
1,ab6de8f46531985b,indir-14-_jpg.rf.46af5c0d975a31c6bc3e07da2a1b7af6.jpg,valid,indir-14-_jpg.rf.984924ad94cde679f58d14f6eb4683ae.jpg,leak_ab6de8f46531985b_indir-14-_jpg.rf.984924ad94cde679f58d14f6eb4683ae.jpg,68c708cae6a4d92195f147c77d8de0fbc0ef1514afe30920cb0c448f4ea18a39,30,1,1,7b1df98ce6ec49b9,WIN_20220507_23_10_47_Pro_jpg.rf.2efa9ca90ec26922aeb615b60e7e7d01.jpg
1,ac9f399f2fe90926,1697099878247_JPEG_jpg.rf.102b50ef630d9d6885ff1a06b9370a76.jpg,train,1697099878247_JPEG_jpg.rf.af43003867e6663f33fd632648b8f996.jpg,leak_ac9f399f2fe90926_1697099878247_JPEG_jpg.rf.af43003867e6663f33fd632648b8f996.jpg,c0483a2666ff5b94d746a6eed613c51d5c2bc85fedd2c9623cf34a5ee3565755,34,0,0,67186fe38db3272e,1697100023689_JPEG_jpg.rf.110dd3497ec6b0646cff82b277eb10be.jpg
1,ad9d43545af7be75,pexels-photo-340876_jpg.rf.b1a253cf0fe2db2ac67d0b62582903bf.jpg,train,pexels-photo-340876_jpg.rf.36fc355fc3fa0279cd9a1aa4f344afad.jpg,leak_ad9d43545af7be75_pexels-photo-340876_jpg.rf.36fc355fc3fa0279cd9a1aa4f344afad.jpg,c2389c29acea545cd8f6b7eed89f0fc6ed1d412053566511743d7b8837663665,24,1,1,a326e2eefd2abb35,images-61-_jpg.rf.3c24827f499708c9b3ff4a6407013e69.jpg
1,b37f615674c7c0f8,imddages_jpg.rf.696aca020b84b9559c083cbd6c5e2851.jpg,train,imddages_jpg.rf.6ea6e1ff661be155498cf0f94495a846.jpg,leak_b37f615674c7c0f8_imddages_jpg.rf.6ea6e1ff661be155498cf0f94495a846.jpg,73cbf39e58342bee619dd2a0a008e8d47b065f553995c0ddaf13a2a506aabcb6,34,1,1,5ccb6e1ea30aab0c,indir-9-_jpg.rf.06402366538c09619332aee949c0bf85.jpg
1,bb1aef7c790f6aa1,images-60-_jpg.rf.d5b294e7b838016837d5efcc64b6ddfd.jpg,train,images-60-_jpg.rf.7cbfcdae877a4f409b722eadb88166bb.jpg,leak_bb1aef7c790f6aa1_images-60-_jpg.rf.7cbfcdae877a4f409b722eadb88166bb.jpg,183b54d08650bed2083d0d5245e2c5b138af83f0c9f7c6d6f999a0134e22b779,30,1,1,e1910058e33b30ab,images-23-_jpg.rf.1143f3a0d0d83aed9c9732078dc89523.jpg
1,bb71f8f2c1daff0e,gg0126_jpeg_jpg.rf.a03fb238836d66524bb6077b7cb91935.jpg,test,gg0126_jpeg_jpg.rf.f1ddc1fec3e9a8228dfcfccde14d2929.jpg,leak_bb71f8f2c1daff0e_gg0126_jpeg_jpg.rf.f1ddc1fec3e9a8228dfcfccde14d2929.jpg,4ba6fc52135347446d376ab2621c404497aa0429ca5855d7a3f5f42f46f6a2aa,12,2,2,e6b1d1a5f6cd0c4e,000180_jpg.rf.695078cc61289cc58a80f4dfef67ce0f.jpg
1,cd97fa49ebc0ddc0,000251_jpeg_jpg.rf.b8223e6bb165ecbc7597721ca098a4e9.jpg,valid,000251_jpeg_jpg.rf.c940917af657ef43b0a61358a21d4961.jpg,leak_cd97fa49ebc0ddc0_000251_jpeg_jpg.rf.c940917af657ef43b0a61358a21d4961.jpg,2fd7844d57a94efd93cd1be166543b5f424280fecea109d1776c5a421877be73,14,2,2,0a40e69b62abe50d,000763_jpg.rf.2d64112e0ab528ba50ce76781abdf096.jpg
1,d5678a7bd79085a7,c00529_jpg.rf.03d5e62c3dd5e6013481948b43e9686f.jpg,valid,c00529_jpg.rf.920daf8e265bdba545f7f1051e268ad6.jpg,leak_d5678a7bd79085a7_c00529_jpg.rf.920daf8e265bdba545f7f1051e268ad6.jpg,4b56522fb113de3f2953905a190f8a626e58bc27f593aed8bc305b657ebf92ef,16,2,2,fef876f9d5f65011,bb0291_jpg.rf.3164ef783a40287b0291d1088078167b.jpg
1,dcf5736ac767dd93,bb0382_jpg.rf.52ccbbb8b5739db03d8454b6229a57c0.jpg,train,bb0382_jpg.rf.ce27f9ef80ec80780b2a0e2c5b7349ce.jpg,leak_dcf5736ac767dd93_bb0382_jpg.rf.ce27f9ef80ec80780b2a0e2c5b7349ce.jpg,419344c64e6f46adeea6560422da5133d51f6302be659d6a43bcf824cab88160,28,2,2,132afa4158dc7f3d,bb0506_jpg.rf.7cc41be12bbcae6a645624836f5d3223.jpg
1,e4d6509cead789f9,images-14-_jpg.rf.996bde677c5474974380088480c125e5.jpg,train,images-14-_jpg.rf.ca0a6ab6f080216d2718cf30f3e1b5e1.jpg,leak_e4d6509cead789f9_images-14-_jpg.rf.ca0a6ab6f080216d2718cf30f3e1b5e1.jpg,f816c61352d34f3ee6df390402f705355d82e325f8b37e80967212383f167268,34,1,1,b02a45f1896ecb36,images-51-_jpg.rf.25e5dd32e628c6ca35792751793caf89.jpg
1,ea3db75e96f44b70,images-110-_jpg.rf.1f23af24a7653f90590defffd1219b7d.jpg,train,images-110-_jpg.rf.e17749d996f1b2b7bbdea0fd64737e0c.jpg,leak_ea3db75e96f44b70_images-110-_jpg.rf.e17749d996f1b2b7bbdea0fd64737e0c.jpg,fe567ebdea226415d0890ce5d1be5beb19ade8fb99ab88e0861d180632375714,30,1,1,df3c78d133a2da19,images-3-_jpeg_jpg.rf.7662418954dc68b14dc93265fbf1855d.jpg
1,f03104c78ec5a2b2,WIN_20220329_21_29_45_Pro_jpg.rf.91e5a3e2cd5a0977c0533ff131d2f890.jpg,train,WIN_20220329_21_29_45_Pro_jpg.rf.69d04ad29e458b4aed34abea5bc516f3.jpg,leak_f03104c78ec5a2b2_WIN_20220329_21_29_45_Pro_jpg.rf.69d04ad29e458b4aed34abea5bc516f3.jpg,5bbc4c5d5a5221283979cdf33e842a71aa24f8016e11644819855eb756355f66,18,1,1,11dcdf7ff147fc5b,WIN_20220507_21_29_04_Pro_jpg.rf.10b994fe1cef18b491c821370bce875a.jpg
1,f21a0dfe228dea3e,IMG_4384_jpg.rf.0409e5b64e1606bbeb6324eefb6927a7.jpg,train,IMG_4384_jpg.rf.6b95c0ed0a9fc75dc8c2781956f0f292.jpg,leak_f21a0dfe228dea3e_IMG_4384_jpg.rf.6b95c0ed0a9fc75dc8c2781956f0f292.jpg,69c263a7e9d3761e4bf520145528757e5f42542aee261486f96b41f0d8eff082,0,0,0,e4565b9d298d0ba5,smoking_0032_jpg.rf.8270b32a31fb38ba46f49d2c3afaa2a2.jpg
1,f42aec4e0b3c2645,1697095309941_JPEG_jpg.rf.f42ca706e9a901a1d9d7e2c8dc50a702.jpg,train,1697095309941_JPEG_jpg.rf.a7a7c1cb76e020bfe06a122fce19569d.jpg,leak_f42aec4e0b3c2645_1697095309941_JPEG_jpg.rf.a7a7c1cb76e020bfe06a122fce19569d.jpg,771c14dea5968b53be6137c7f9e3810137be06c2b3d9aa0c1c5332fd22e839fd,26,0,0,88942f28fee402b9,smoking_0724_jpg.rf.b5ee1e438d11526c8830900f4500b4a1.jpg
1,f6007ab2d8fbb76f,WIN_20220507_20_59_02_Pro_jpg.rf.467755b80a3866136bdf0b35c61896a6.jpg,train,WIN_20220507_20_59_02_Pro_jpg.rf.89334ac4818dec45bba8cde506673058.jpg,leak_f6007ab2d8fbb76f_WIN_20220507_20_59_02_Pro_jpg.rf.89334ac4818dec45bba8cde506673058.jpg,c487275b5ebbadae39a548ed5605ed5f016285c949fb5deca8007930a33b3c14,34,1,1,8e7ac16fbee2784d,pexels-photo-6204761_jpeg_jpg.rf.af18dde9a051a22e8f070e84368371bf.jpg
1,f9ecd492bbede3d5,gg0423_jpg.rf.33c254393c928a69285fdfa7fdf191da.jpg,valid,gg0423_jpg.rf.dee3ac679d12e00f897d3d981e6c3f3f.jpg,leak_f9ecd492bbede3d5_gg0423_jpg.rf.dee3ac679d12e00f897d3d981e6c3f3f.jpg,a89518351bfaf29831d86a22c66685cb332c6c431d4436c6d95c4e654ec055cc,30,2,2,46c22028035c1a9a,000080_jpg.rf.0e721ec4983f332a17da5017d4082a7d.jpg
