               epoch,      train/box_loss,      train/obj_loss,      train/cls_loss,   metrics/precision,      metrics/recall,     metrics/mAP_0.5,metrics/mAP_0.5:0.95,        val/box_loss,        val/obj_loss,        val/cls_loss,               x/lr0,               x/lr1,               x/lr2
                   0,            0.024748,            0.010685,          0.00064672,             0.87668,             0.76794,             0.83595,             0.50728,            0.034624,           0.0071053,           0.0030657,            0.070545,           0.0032727,           0.0032727
                   1,            0.025983,            0.010956,          0.00080562,             0.81798,             0.77162,             0.81749,             0.47149,            0.035995,           0.0072973,           0.0035358,              0.0404,           0.0064607,           0.0064607
                   2,            0.027914,            0.011813,           0.0012592,             0.75705,             0.64852,             0.71968,             0.41933,            0.039403,           0.0084837,           0.0041467,            0.010108,           0.0095021,           0.0095021
                   3,            0.032278,            0.013694,           0.0022095,             0.70861,              0.5504,             0.63254,             0.34566,            0.043396,           0.0087111,           0.0029355,             0.00934,             0.00934,             0.00934
                   4,            0.032909,            0.014041,           0.0024272,             0.69751,             0.68173,             0.70371,             0.38503,            0.039622,           0.0083292,           0.0021326,             0.00934,             0.00934,             0.00934
                   5,            0.033548,            0.014062,            0.002548,             0.74399,             0.65785,             0.70318,             0.37567,            0.041808,           0.0086379,           0.0029234,             0.00912,             0.00912,             0.00912
                   6,            0.032482,            0.013806,           0.0018983,             0.69439,             0.54582,             0.59286,             0.30398,            0.043009,           0.0098857,           0.0072492,              0.0089,              0.0089,              0.0089
                   7,            0.031638,            0.013174,           0.0016582,              0.7953,             0.65991,             0.72282,             0.40791,            0.039539,           0.0082484,           0.0025488,             0.00868,             0.00868,             0.00868
                   8,            0.031664,            0.013353,           0.0019221,              0.7395,             0.70243,             0.75006,             0.42977,            0.036457,           0.0075329,           0.0023619,             0.00846,             0.00846,             0.00846
                   9,             0.03102,            0.012779,           0.0014516,             0.82168,              0.6934,             0.76268,             0.41252,            0.037938,           0.0077607,           0.0040326,             0.00824,             0.00824,             0.00824
                  10,            0.030454,            0.012866,           0.0013859,              0.8421,             0.72252,             0.80415,             0.45556,            0.036916,           0.0075385,            0.004571,             0.00802,             0.00802,             0.00802
                  11,            0.029992,            0.012562,           0.0014258,             0.81276,             0.74944,             0.81412,             0.46925,            0.035164,           0.0070673,           0.0011846,              0.0078,              0.0078,              0.0078
                  12,            0.029625,            0.012347,            0.001401,             0.84483,             0.73306,             0.80592,             0.47003,            0.035897,           0.0072017,           0.0020196,             0.00758,             0.00758,             0.00758
                  13,            0.028868,            0.012334,           0.0016265,             0.81728,             0.74223,             0.82634,              0.4811,            0.034843,           0.0073093,           0.0018133,             0.00736,             0.00736,             0.00736
                  14,            0.028866,            0.012043,           0.0012565,             0.81041,             0.69193,             0.78506,             0.46253,            0.035637,           0.0073957,           0.0017669,             0.00714,             0.00714,             0.00714
                  15,            0.028484,            0.011988,           0.0012638,              0.8314,             0.76272,              0.8284,             0.48642,            0.035101,           0.0073124,           0.0019944,             0.00692,             0.00692,             0.00692
                  16,            0.028173,            0.011606,           0.0012444,             0.87716,             0.78542,             0.85275,             0.49319,            0.035253,           0.0070719,           0.0022838,              0.0067,              0.0067,              0.0067
                  17,            0.028095,            0.011743,           0.0011572,             0.84373,             0.76149,             0.82416,             0.48713,            0.034878,           0.0072632,           0.0028446,             0.00648,             0.00648,             0.00648
                  18,            0.026856,            0.011403,           0.0011052,             0.84243,             0.76152,             0.81649,               0.475,            0.036668,           0.0074674,           0.0020517,             0.00626,             0.00626,             0.00626
                  19,            0.027372,            0.011169,           0.0009686,             0.85913,             0.77962,             0.84342,             0.51204,             0.03341,            0.006997,           0.0022787,             0.00604,             0.00604,             0.00604
                  20,            0.027098,            0.011137,          0.00090569,             0.84579,             0.75974,             0.83346,             0.49657,            0.034816,           0.0073084,           0.0020759,             0.00582,             0.00582,             0.00582
                  21,            0.026217,            0.011194,          0.00087236,             0.86169,             0.78783,             0.85096,             0.51074,             0.03391,           0.0070099,           0.0016839,              0.0056,              0.0056,              0.0056
                  22,            0.026121,            0.010761,          0.00077982,             0.87271,             0.77731,             0.84791,             0.52653,            0.034177,           0.0070182,           0.0029697,             0.00538,             0.00538,             0.00538
                  23,            0.026113,            0.011081,          0.00094748,             0.87798,             0.76817,             0.83627,             0.51734,            0.033635,           0.0072714,           0.0034893,             0.00516,             0.00516,             0.00516
                  24,            0.025531,            0.010782,          0.00088084,             0.83548,             0.78059,             0.84696,             0.51734,            0.034067,           0.0072462,           0.0019036,             0.00494,             0.00494,             0.00494
                  25,            0.025561,             0.01069,          0.00077499,              0.8384,             0.82111,             0.86659,             0.54095,            0.033493,           0.0069065,           0.0037967,             0.00472,             0.00472,             0.00472
                  26,             0.02479,            0.010654,          0.00080325,             0.85826,             0.80892,             0.86672,               0.545,            0.032456,           0.0068939,            0.002594,              0.0045,              0.0045,              0.0045
                  27,            0.024108,            0.010227,          0.00066379,             0.89595,             0.80858,             0.87447,             0.55692,            0.032827,           0.0067859,           0.0024769,             0.00428,             0.00428,             0.00428
                  28,            0.024221,            0.010337,          0.00074414,             0.86807,             0.81933,             0.87566,             0.55394,            0.032691,           0.0068706,           0.0022994,             0.00406,             0.00406,             0.00406
                  29,            0.023903,            0.010197,          0.00063595,              0.8559,             0.82066,             0.86602,             0.54755,            0.032669,           0.0069302,           0.0024125,             0.00384,             0.00384,             0.00384
                  30,            0.023639,            0.009931,          0.00077756,             0.86101,             0.82076,             0.87982,             0.55844,            0.031681,           0.0068557,           0.0031985,             0.00362,             0.00362,             0.00362
                  31,            0.023479,            0.010091,          0.00069054,             0.86541,              0.8056,             0.87503,             0.55728,            0.031907,             0.00687,           0.0027211,              0.0034,              0.0034,              0.0034
                  32,            0.023112,            0.010106,          0.00078073,              0.8928,             0.80111,             0.87312,             0.55472,            0.032159,           0.0069658,           0.0022414,             0.00318,             0.00318,             0.00318
                  33,            0.022611,           0.0097812,          0.00062882,             0.85257,             0.84683,             0.88255,             0.56734,             0.03167,           0.0067357,           0.0021679,             0.00296,             0.00296,             0.00296
                  34,             0.02226,           0.0094212,          0.00051157,             0.89771,             0.80473,             0.87349,             0.56751,            0.032286,           0.0068859,           0.0024678,             0.00274,             0.00274,             0.00274
                  35,            0.022145,           0.0095575,          0.00050849,             0.88106,             0.81969,             0.88188,              0.5753,            0.032019,           0.0068059,           0.0027794,             0.00252,             0.00252,             0.00252
                  36,             0.02215,           0.0093054,           0.0004803,             0.87829,             0.83581,             0.88077,             0.57263,            0.031782,            0.006904,           0.0027195,              0.0023,              0.0023,              0.0023
                  37,            0.021591,           0.0093336,          0.00044038,             0.87592,             0.81797,             0.87254,             0.56639,            0.032056,            0.006937,           0.0026236,             0.00208,             0.00208,             0.00208
                  38,            0.021319,           0.0092964,          0.00056391,             0.87186,             0.84135,              0.8851,             0.57753,            0.031829,           0.0069225,            0.002349,             0.00186,             0.00186,             0.00186
                  39,            0.021159,           0.0093296,          0.00039131,             0.88737,              0.8344,             0.88504,             0.57906,            0.031543,           0.0068458,           0.0031833,             0.00164,             0.00164,             0.00164
                  40,            0.020814,           0.0090507,          0.00039937,             0.87144,             0.84679,             0.88342,             0.57969,            0.031688,           0.0069743,           0.0029792,             0.00142,             0.00142,             0.00142
                  41,            0.020737,           0.0088271,          0.00043596,             0.89817,             0.83414,             0.89102,             0.58108,            0.031255,           0.0068463,           0.0029156,              0.0012,              0.0012,              0.0012
                  42,            0.020444,           0.0089711,          0.00039905,             0.88511,             0.83696,             0.89271,             0.58142,            0.031214,           0.0069146,           0.0028211,             0.00098,             0.00098,             0.00098
                  43,            0.020471,           0.0087051,          0.00040996,             0.89956,             0.82476,             0.88382,             0.57949,            0.031512,           0.0069368,           0.0028552,             0.00076,             0.00076,             0.00076
                  44,            0.019883,           0.0088974,          0.00047744,             0.86967,             0.84775,             0.88891,             0.58219,            0.031703,           0.0069179,           0.0029299,             0.00054,             0.00054,             0.00054
